debate_id,pro_acknowledgment,con_acknowledgment,margin_acknowledgment,pro_accuracy_of_representation,con_accuracy_of_representation,margin_accuracy_of_representation,pro_responsiveness,con_responsiveness,margin_responsiveness,pro_concession_and_common_ground,con_concession_and_common_ground,margin_concession_and_common_ground,pro_respectful_engagement,con_respectful_engagement,margin_respectful_engagement,mean_margin,mean_margin_norm,claude_overall,q1_ground_truth,majority_winner,majority_winner_procon,n_votes,n_pro_after,n_con_after,n_tie_after,net_switch_toward_con,vote_margin,subvote_margin_better_conduct,subvote_margin_better_spelling_and_grammar,subvote_margin_more_convincing_arguments,subvote_margin_most_reliable_sources
358,3,5,2,3,4,1,2,5,3,1,1,0,3,3,0,1.2,0.3,Con,Con,Tie,Tie,2,0,0,2,0.0,0.0,0.0,0.0,0.5,0.0
376,3,5,2,3,4,1,2,5,3,1,1,0,3,3,0,1.2,0.3,Con,Con,Tie,Tie,9,0,0,9,0.0,0.0,0.0,0.0,0.7777777777777778,0.0
384,4,4,0,3,3,0,4,3,-1,1,1,0,3,3,0,-0.2,-0.05,Pro,Pro,Tie,Con,2,0,1,1,0.0,0.5,-1.0,0.0,-0.5,0.5
551,4,5,1,3,4,1,3,4,1,2,2,0,3,4,1,0.8,0.2,Con,Con,Tie,Pro,5,2,1,2,-0.2,-0.2,-0.2,-0.2,0.2,-0.2
553,4,4,0,3,4,1,4,4,0,1,1,0,3,4,1,0.4,0.1,Tie,Pro,Pro,Pro,4,4,0,0,-0.25,-1.0,-0.5,-0.75,-1.0,-0.5
556,3,4,1,3,4,1,3,4,1,1,2,1,4,5,1,1.0,0.3,Con,Con,Con,Con,5,1,3,1,0.0,0.4,0.2,0.0,0.4,0.2
674,3,5,2,3,4,1,3,4,1,1,1,0,4,4,0,0.8,0.2,Con,Tie,Tie,Tie,1,0,0,1,0.0,0.0,1.0,0.0,0.0,0.0
706,4,4,0,3,3,0,3,3,0,1,1,0,3,2,-1,-0.2,-0.05,Pro,Pro,Tie,Tie,5,0,0,5,0.0,0.0,0.0,0.0,0.6,0.0
770,4,3,-1,4,3,-1,4,3,-1,2,2,0,5,3,-2,-1.0,-0.25,Pro,Con,Tie,Con,6,0,1,5,0.0,0.16666666666666666,0.0,0.16666666666666666,0.6666666666666666,0.16666666666666666
831,4,4,0,4,4,0,4,3,-1,1,1,0,4,3,-1,-0.4,-0.1,Pro,Con,Tie,Tie,8,0,0,8,0.0,0.0,0.0,0.0,0.0,0.0
907,4,4,0,3,4,1,4,4,0,2,2,0,3,4,1,0.4,0.1,Tie,Con,Tie,Tie,11,0,0,11,0.0,0.0,0.0,0.0,0.09090909090909091,0.0
974,4,5,1,4,4,0,4,5,1,1,1,0,4,3,-1,0.2,0.05,Con,Con,Con,Con,2,0,2,0,0.0,1.0,-0.5,0.5,1.0,0.5
1104,5,4,-1,4,4,0,5,4,-1,2,1,-1,4,3,-1,-0.8,-0.25,Pro,Con,Pro,Pro,1,1,0,0,0.0,-1.0,-1.0,0.0,-1.0,1.0
1122,5,5,0,4,4,0,4,4,0,2,2,0,5,5,0,0.0,0.0,Tie,Con,Tie,Pro,2,1,0,1,0.0,-0.5,1.0,0.0,1.0,0.0
1156,5,4,-1,4,3,-1,5,4,-1,2,1,-1,4,3,-1,-1.0,-0.3,Pro,Tie,Tie,Pro,3,1,0,2,-0.333333,-0.3333333333333333,-0.3333333333333333,-0.3333333333333333,-0.3333333333333333,-0.3333333333333333
1289,5,5,0,5,4,-1,5,4,-1,3,1,-2,5,5,0,-0.8,-0.3,Tie,Con,Tie,Con,4,0,2,2,0.0,0.5,0.0,0.5,0.25,0.75
1382,4,3,-1,4,3,-1,4,3,-1,2,2,0,4,4,0,-0.6,-0.15,Pro,Pro,Pro,Pro,2,2,0,0,0.0,-1.0,0.0,-1.0,-1.0,0.0
1401,3,4,1,2,4,2,2,4,2,1,1,0,3,4,1,1.2,0.3,Con,Con,Con,Con,9,2,5,2,-0.111111,0.3333333333333333,0.4444444444444444,0.1111111111111111,0.3333333333333333,0.6666666666666666
1406,4,4,0,4,3,-1,4,3,-1,1,1,0,4,3,-1,-0.6,-0.15,Pro,Con,Con,Con,3,0,2,1,0.0,0.6666666666666666,0.0,0.0,1.0,0.6666666666666666
1453,4,4,0,4,3,-1,4,3,-1,1,1,0,3,3,0,-0.4,-0.1,Pro,Pro,Tie,Con,2,0,1,1,0.0,0.5,-0.5,0.0,0.0,0.5
1548,4,3,-1,4,3,-1,4,2,-2,1,1,0,2,3,1,-0.6,-0.15,Pro,Con,Tie,Tie,4,1,1,2,0.0,0.0,0.0,0.0,0.0,-0.25
1560,4,5,1,4,4,0,4,4,0,1,1,0,4,4,0,0.2,0.05,Tie,Con,Con,Con,7,1,5,1,0.285714,0.5714285714285714,-0.2857142857142857,0.14285714285714285,0.42857142857142855,0.2857142857142857
1562,5,4,-1,4,4,0,4,3,-1,1,2,1,5,5,0,-0.2,0.0,Pro,Con,Tie,Tie,4,0,0,4,0.0,0.0,0.0,0.0,0.5,0.0
1609,3,2,-1,3,2,-1,2,2,0,1,2,1,4,4,0,-0.2,0.0,Tie,Pro,Tie,Tie,6,0,0,6,0.0,0.0,0.0,0.0,0.0,0.0
1644,4,4,0,3,3,0,4,4,0,2,1,-1,4,3,-1,-0.4,-0.15,Pro,Con,Con,Con,26,11,12,3,0.038462,0.038461538461538464,-0.07692307692307693,-0.11538461538461539,0.0,0.07692307692307693
1647,3,4,1,3,4,1,3,4,1,1,1,0,3,4,1,0.8,0.2,Con,Con,Tie,Con,4,0,1,3,0.0,0.25,1.0,1.0,1.0,1.0
1667,4,5,1,4,5,1,4,5,1,1,2,1,4,5,1,1.0,0.3,Con,Pro,Pro,Pro,3,3,0,0,-0.333333,-1.0,-1.0,-1.0,-1.0,-1.0
1805,4,3,-1,4,3,-1,3,2,-1,1,1,0,4,4,0,-0.6,-0.15,Pro,Con,Con,Con,6,1,3,2,0.166667,0.3333333333333333,0.0,-0.16666666666666666,0.16666666666666666,-0.16666666666666666
1824,3,5,2,3,4,1,1,3,2,1,1,0,3,3,0,1.0,0.25,Con,Con,Tie,Con,6,0,2,4,0.0,0.3333333333333333,0.3333333333333333,0.3333333333333333,0.3333333333333333,0.3333333333333333
1826,3,4,1,3,4,1,3,2,-1,1,1,0,2,4,2,0.6,0.15,Con,Con,Tie,Pro,43,2,1,40,0.0,-0.023255813953488372,-0.046511627906976744,-0.023255813953488372,0.023255813953488372,-0.023255813953488372
1867,4,5,1,3,4,1,4,4,0,1,1,0,3,3,0,0.4,0.1,Con,Pro,Tie,Con,3,0,1,2,0.0,0.3333333333333333,-0.3333333333333333,0.0,-0.3333333333333333,-0.3333333333333333
1897,3,4,1,3,4,1,2,4,2,1,1,0,3,3,0,0.8,0.2,Con,Pro,Tie,Pro,3,1,0,2,0.0,-0.3333333333333333,-0.6666666666666666,0.0,-0.3333333333333333,0.0
1911,3,4,1,3,4,1,2,4,2,2,1,-1,4,3,-1,0.4,0.05,Con,Con,Con,Con,1,0,1,0,0.0,1.0,0.0,0.0,1.0,0.0
1938,5,4,-1,4,3,-1,4,3,-1,1,1,0,3,3,0,-0.6,-0.15,Pro,Con,Con,Con,10,1,6,3,0.0,0.5,0.0,-0.1,0.3,0.2
1941,4,5,1,4,3,-1,4,4,0,1,1,0,4,4,0,0.0,0.0,Tie,Con,Con,Con,3,0,3,0,0.0,1.0,0.6666666666666666,-0.3333333333333333,0.3333333333333333,0.6666666666666666
1949,2,5,3,3,4,1,1,4,3,2,1,-1,4,4,0,1.2,0.25,Con,Con,Con,Con,4,0,3,1,0.0,0.75,0.0,0.5,1.0,0.75
1950,5,4,-1,4,3,-1,5,3,-2,1,2,1,3,3,0,-0.6,-0.1,Pro,Pro,Con,Con,2,0,2,0,0.0,1.0,0.0,0.0,-1.0,0.0
1997,3,3,0,3,4,1,3,3,0,2,1,-1,4,3,-1,-0.2,-0.1,Pro,Con,Tie,Tie,3,1,1,1,0.0,0.0,0.3333333333333333,0.3333333333333333,1.0,0.0
2000,5,4,-1,4,2,-2,5,3,-2,1,2,1,3,4,1,-0.6,-0.1,Pro,Con,Tie,Tie,11,4,4,3,0.0,0.0,0.36363636363636365,0.18181818181818182,0.09090909090909091,0.45454545454545453
2025,3,5,2,3,4,1,2,4,2,2,1,-1,4,4,0,0.8,0.15,Con,Con,Tie,Con,3,0,1,2,0.0,0.3333333333333333,0.0,0.3333333333333333,0.3333333333333333,0.0
2059,4,3,-1,4,3,-1,4,3,-1,2,1,-1,4,2,-2,-1.2,-0.35,Pro,Pro,Tie,Pro,2,1,0,1,0.0,-0.5,-1.0,-0.5,-1.0,-1.0
2072,3,4,1,3,4,1,3,4,1,1,1,0,3,3,0,0.6,0.15,Con,Con,Pro,Pro,5,3,0,2,0.0,-0.6,0.0,0.0,0.8,0.0
2082,5,5,0,4,4,0,5,4,-1,1,2,1,4,5,1,0.2,0.1,Tie,Con,Con,Con,30,10,18,2,0.0,0.26666666666666666,0.16666666666666666,0.36666666666666664,0.23333333333333334,0.3333333333333333
2301,3,3,0,3,3,0,2,3,1,1,1,0,3,2,-1,0.0,0.0,Tie,Pro,Tie,Tie,1,0,0,1,0.0,0.0,-1.0,-1.0,-1.0,-1.0
2407,4,3,-1,4,3,-1,4,2,-2,1,1,0,3,3,0,-0.8,-0.2,Pro,Con,Con,Con,1,0,1,0,1.0,1.0,1.0,0.0,1.0,0.0
2423,5,5,0,4,4,0,4,4,0,1,1,0,3,4,1,0.2,0.05,Tie,Con,Con,Con,18,5,10,3,0.055556,0.2777777777777778,0.2222222222222222,0.1111111111111111,0.1111111111111111,0.3333333333333333
2460,4,4,0,4,4,0,4,3,-1,2,2,0,4,4,0,-0.2,-0.05,Pro,Con,Tie,Pro,3,1,0,2,-0.333333,-0.3333333333333333,-0.3333333333333333,-0.3333333333333333,-0.3333333333333333,-0.3333333333333333
2467,4,3,-1,4,3,-1,4,2,-2,1,1,0,4,4,0,-0.8,-0.2,Pro,Tie,Tie,Con,3,0,1,2,0.0,0.3333333333333333,0.0,0.3333333333333333,0.3333333333333333,0.3333333333333333
2795,3,4,1,3,4,1,2,3,1,1,2,1,3,4,1,1.0,0.3,Con,Pro,Tie,Con,3,0,1,2,0.0,0.3333333333333333,-0.3333333333333333,-0.3333333333333333,-1.0,-0.3333333333333333
2807,5,5,0,4,5,1,4,4,0,2,2,0,5,5,0,0.2,0.05,Tie,Pro,Tie,Tie,3,1,1,1,0.0,0.0,0.0,0.0,-0.3333333333333333,0.0
2838,4,4,0,3,3,0,4,4,0,1,2,1,3,4,1,0.4,0.15,Con,Con,Con,Con,2,0,2,0,0.0,1.0,0.0,0.0,1.0,-0.5
2856,5,4,-1,4,3,-1,5,3,-2,2,2,0,4,4,0,-0.8,-0.2,Pro,Pro,Pro,Pro,4,4,0,0,-0.25,-1.0,-0.5,-0.75,-1.0,-0.75
2863,5,4,-1,4,3,-1,5,4,-1,2,1,-1,3,4,1,-0.6,-0.2,Pro,Pro,Tie,Tie,3,1,1,1,-0.333333,0.0,0.0,-0.3333333333333333,-1.0,-0.3333333333333333
2932,3,5,2,3,4,1,2,4,2,1,1,0,3,4,1,1.2,0.3,Con,Con,Con,Con,3,0,2,1,0.0,0.6666666666666666,1.0,0.6666666666666666,1.0,0.3333333333333333
3044,1,3,2,1,3,2,1,2,1,1,1,0,3,3,0,1.0,0.25,Con,Con,Tie,Con,3,0,1,2,0.0,0.3333333333333333,1.0,0.6666666666666666,0.6666666666666666,0.6666666666666666
3084,3,4,1,3,4,1,3,4,1,2,1,-1,3,4,1,0.6,0.1,Con,Con,Tie,Con,6,0,2,4,0.0,0.3333333333333333,0.3333333333333333,0.16666666666666666,0.6666666666666666,0.3333333333333333
3137,4,4,0,3,4,1,3,4,1,1,1,0,4,3,-1,0.2,0.05,Con,Con,Tie,Con,10,2,3,5,-0.1,0.1,-0.2,-0.4,0.1,-0.1
3304,5,5,0,4,3,-1,5,4,-1,1,2,1,5,4,-1,-0.4,-0.05,Pro,Pro,Pro,Pro,3,2,0,1,0.0,-0.6666666666666666,0.3333333333333333,-0.3333333333333333,-1.0,-0.3333333333333333
3311,5,5,0,4,4,0,4,4,0,1,2,1,5,5,0,0.2,0.1,Tie,Pro,Tie,Con,11,0,1,10,0.0,0.09090909090909091,0.09090909090909091,0.09090909090909091,0.09090909090909091,0.09090909090909091
3529,3,4,1,3,4,1,3,4,1,1,1,0,3,4,1,0.8,0.2,Con,Con,Con,Con,5,1,3,1,0.0,0.4,0.4,0.2,1.0,0.6
3575,4,4,0,4,3,-1,3,3,0,1,1,0,3,4,1,0.0,0.0,Tie,Pro,Pro,Pro,5,5,0,0,0.0,-1.0,-1.0,-0.8,-1.0,-1.0
3607,5,5,0,4,4,0,4,5,1,1,2,1,4,5,1,0.6,0.2,Con,Pro,Pro,Pro,1,1,0,0,-1.0,-1.0,0.0,0.0,-1.0,0.0
3727,4,5,1,3,4,1,3,5,2,2,1,-1,4,4,0,0.6,0.1,Con,Con,Tie,Pro,20,1,0,19,0.0,-0.05,-0.05,-0.05,-0.2,-0.05
3757,4,5,1,4,4,0,4,4,0,2,2,0,5,5,0,0.2,0.05,Tie,Con,Con,Con,3,0,2,1,0.333333,0.6666666666666666,0.6666666666666666,0.0,1.0,0.0
3801,4,5,1,3,4,1,3,4,1,1,2,1,3,4,1,1.0,0.3,Con,Con,Tie,Tie,7,0,0,7,0.0,0.0,0.0,0.0,0.14285714285714285,0.0
3806,5,4,-1,4,3,-1,5,4,-1,2,1,-1,4,3,-1,-1.0,-0.3,Pro,Con,Con,Con,4,0,3,1,0.0,0.75,0.25,0.0,1.0,0.5
3810,3,4,1,3,4,1,3,4,1,1,1,0,3,3,0,0.6,0.15,Con,Con,Con,Con,1,0,1,0,0.0,1.0,0.0,0.0,1.0,0.0
3867,4,4,0,3,3,0,4,4,0,1,1,0,3,3,0,0.0,0.0,Tie,Con,Con,Con,8,1,4,3,0.0,0.375,0.125,0.125,0.5,0.125
3872,4,5,1,3,4,1,3,4,1,1,1,0,3,4,1,0.8,0.2,Con,Pro,Tie,Pro,2,1,0,1,0.0,-0.5,0.5,0.5,0.0,1.0
3906,5,5,0,4,4,0,4,4,0,1,2,1,4,4,0,0.2,0.1,Tie,Pro,Tie,Pro,2,1,0,1,0.0,-0.5,-0.5,0.0,0.0,-0.5
4130,4,4,0,4,3,-1,4,4,0,2,1,-1,4,2,-2,-0.8,-0.25,Pro,Con,Tie,Tie,2,0,0,2,0.0,0.0,-0.5,0.0,1.0,0.0
4177,4,4,0,4,4,0,3,4,1,1,2,1,4,5,1,0.6,0.2,Con,Con,Con,Con,3,0,2,1,0.0,0.6666666666666666,0.0,-0.3333333333333333,1.0,0.3333333333333333
4206,5,4,-1,4,2,-2,5,3,-2,1,1,0,3,3,0,-1.0,-0.25,Pro,Pro,Con,Con,6,2,3,1,0.0,0.16666666666666666,0.16666666666666666,0.0,0.0,-0.16666666666666666
4694,5,4,-1,4,3,-1,4,3,-1,1,1,0,4,4,0,-0.6,-0.15,Pro,Pro,Tie,Con,2,0,1,1,0.0,0.5,0.0,0.0,-1.0,0.5
4697,4,4,0,3,3,0,3,3,0,1,1,0,3,3,0,0.0,0.0,Tie,Pro,Tie,Tie,1,0,0,1,0.0,0.0,0.0,0.0,-1.0,0.0
4799,3,3,0,4,3,-1,2,3,1,1,1,0,4,3,-1,-0.2,-0.05,Tie,Pro,Tie,Con,2,0,1,1,0.0,0.5,0.0,0.0,-1.0,-0.5
4899,4,3,-1,4,3,-1,4,2,-2,2,1,-1,3,4,1,-0.8,-0.25,Pro,Pro,Pro,Pro,6,4,1,1,-0.166667,-0.5,-0.6666666666666666,-0.3333333333333333,-0.6666666666666666,-0.5
5512,3,4,1,3,3,0,3,4,1,2,1,-1,3,3,0,0.2,0.0,Con,Con,Tie,Tie,19,0,0,19,0.0,0.0,0.0,0.0,1.0,0.0
5968,3,3,0,3,4,1,2,3,1,1,1,0,3,4,1,0.6,0.15,Con,Tie,Tie,Tie,7,0,0,7,0.0,0.0,0.0,0.0,-0.14285714285714285,0.0
6102,4,4,0,4,4,0,4,4,0,1,1,0,3,4,1,0.2,0.05,Tie,Con,Con,Con,5,0,5,0,0.2,1.0,0.4,0.2,1.0,0.6
6174,4,5,1,3,4,1,3,4,1,1,1,0,3,4,1,0.8,0.2,Con,Con,Tie,Tie,2,0,0,2,0.0,0.0,0.5,0.0,1.0,0.5
6708,4,5,1,4,4,0,4,5,1,1,1,0,4,4,0,0.4,0.1,Con,Pro,Pro,Pro,4,4,0,0,0.0,-1.0,0.0,0.0,-1.0,-0.75
6722,4,3,-1,4,3,-1,4,2,-2,2,1,-1,3,3,0,-1.0,-0.3,Pro,Pro,Tie,Con,8,0,1,7,0.125,0.125,0.125,0.0,0.0,0.0
6769,3,4,1,3,4,1,3,4,1,2,1,-1,4,3,-1,0.2,0.0,Con,Pro,Tie,Tie,2,1,1,0,0.0,0.0,-0.5,-0.5,0.0,-0.5
6861,3,4,1,3,4,1,2,4,2,1,2,1,3,3,0,1.0,0.3,Con,Tie,Tie,Pro,5,2,0,3,-0.2,-0.4,0.0,0.0,-0.2,0.0
6875,4,5,1,3,4,1,4,4,0,1,2,1,3,5,2,1.0,0.3,Con,Tie,Tie,Tie,3,1,1,1,0.666667,0.0,-0.6666666666666666,0.0,0.0,1.0
7050,4,3,-1,4,3,-1,3,2,-1,1,1,0,4,4,0,-0.6,-0.15,Pro,Pro,Tie,Tie,7,0,0,7,0.0,0.0,0.0,0.0,-0.7142857142857143,0.0
7157,4,3,-1,3,3,0,4,3,-1,2,1,-1,4,3,-1,-0.8,-0.25,Pro,Pro,Con,Con,3,0,3,0,0.333333,1.0,-0.3333333333333333,-0.3333333333333333,-0.3333333333333333,-0.6666666666666666
7160,3,4,1,3,4,1,2,3,1,2,1,-1,3,3,0,0.4,0.05,Con,Tie,Tie,Tie,12,0,0,12,0.0,0.0,0.0,0.0,0.3333333333333333,0.0
7163,5,4,-1,4,4,0,5,4,-1,2,1,-1,4,4,0,-0.6,-0.2,Pro,Con,Tie,Tie,11,0,0,11,0.0,0.0,0.0,0.0,0.6363636363636364,0.0
7177,4,4,0,4,3,-1,4,3,-1,1,2,1,3,4,1,0.0,0.05,Tie,Pro,Pro,Pro,10,5,3,2,0.0,-0.2,-0.1,-0.2,-0.2,0.0
7178,5,5,0,4,4,0,5,4,-1,2,1,-1,4,3,-1,-0.6,-0.2,Pro,Con,Pro,Pro,3,2,1,0,-0.666667,-0.3333333333333333,-0.3333333333333333,0.0,-0.3333333333333333,-0.3333333333333333
7194,4,4,0,3,3,0,4,4,0,1,1,0,4,3,-1,-0.2,-0.05,Tie,Pro,Tie,Tie,8,0,0,8,0.0,0.0,0.0,0.0,-0.75,0.0
7197,4,5,1,3,4,1,3,4,1,1,1,0,3,4,1,0.8,0.2,Con,Con,Tie,Tie,15,0,0,15,0.0,0.0,0.0,0.0,0.2,0.0
7229,3,4,1,3,4,1,2,4,2,2,1,-1,4,3,-1,0.4,0.05,Con,Con,Con,Con,9,3,4,2,0.0,0.1111111111111111,0.3333333333333333,0.3333333333333333,0.3333333333333333,0.2222222222222222
7267,4,4,0,4,4,0,4,4,0,3,1,-2,5,4,-1,-0.6,-0.25,Tie,Con,Tie,Con,4,0,2,2,0.0,0.5,-0.75,0.0,1.0,0.5
8098,4,5,1,3,4,1,3,4,1,2,1,-1,4,4,0,0.4,0.05,Con,Con,Tie,Con,5,0,1,4,0.0,0.2,0.2,0.2,0.6,0.2
8198,4,4,0,4,4,0,4,4,0,2,1,-1,5,4,-1,-0.4,-0.15,Pro,Con,Con,Con,4,1,3,0,0.25,0.5,-0.25,0.25,0.5,0.5
8210,4,5,1,4,4,0,4,4,0,2,1,-1,4,4,0,0.0,-0.05,Tie,Pro,Tie,Con,17,0,3,14,0.058824,0.17647058823529413,0.17647058823529413,0.17647058823529413,0.058823529411764705,0.058823529411764705
8214,5,5,0,4,4,0,4,3,-1,1,1,0,3,4,1,0.0,0.0,Tie,Pro,Pro,Pro,10,5,4,1,-0.2,-0.1,0.1,0.2,-0.4,0.4
8283,5,4,-1,4,3,-1,4,3,-1,1,2,1,3,4,1,-0.2,0.0,Pro,Tie,Con,Con,6,2,3,1,-0.166667,0.16666666666666666,0.3333333333333333,-0.16666666666666666,0.0,0.3333333333333333
8397,4,4,0,3,3,0,4,4,0,2,2,0,4,3,-1,-0.2,-0.05,Tie,Con,Tie,Tie,5,0,0,5,0.0,0.0,0.0,0.0,1.0,0.0
8510,4,4,0,3,4,1,4,4,0,2,1,-1,3,4,1,0.2,0.0,Tie,Con,Tie,Tie,5,2,2,1,0.0,0.0,0.6,0.4,0.6,0.6
8533,4,5,1,4,4,0,4,4,0,2,1,-1,4,4,0,0.0,-0.05,Tie,Con,Tie,Con,2,0,1,1,0.0,0.5,0.0,0.0,1.0,0.0
8580,5,4,-1,4,4,0,4,4,0,1,2,1,4,5,1,0.2,0.1,Tie,Tie,Con,Con,5,2,3,0,0.0,0.2,0.0,-0.2,-0.2,-0.4
8581,3,5,2,3,4,1,2,4,2,1,1,0,3,4,1,1.2,0.3,Con,Con,Tie,Tie,3,0,0,3,0.0,0.0,0.0,0.0,0.3333333333333333,0.3333333333333333
8667,4,4,0,3,4,1,4,4,0,1,2,1,3,3,0,0.4,0.15,Con,Pro,Pro,Pro,7,4,1,2,-0.142857,-0.42857142857142855,-0.42857142857142855,0.14285714285714285,-0.7142857142857143,-0.2857142857142857
8763,4,4,0,4,4,0,3,4,1,1,1,0,4,3,-1,0.0,0.0,Con,Pro,Tie,Pro,4,2,0,2,0.0,-0.5,0.0,-0.25,-0.5,-0.5
9033,4,3,-1,4,3,-1,4,2,-2,1,1,0,3,2,-1,-1.0,-0.25,Pro,Pro,Con,Con,1,0,1,0,0.0,1.0,1.0,1.0,1.0,1.0
9034,2,1,-1,3,1,-2,2,1,-1,1,1,0,3,3,0,-0.8,-0.2,Pro,Pro,Con,Con,3,1,2,0,0.0,0.3333333333333333,0.3333333333333333,0.3333333333333333,-0.3333333333333333,-0.3333333333333333
9701,5,4,-1,4,3,-1,5,3,-2,1,2,1,4,3,-1,-0.8,-0.15,Pro,Tie,Tie,Pro,2,1,0,1,0.0,-0.5,0.0,0.0,0.0,0.0
9711,5,5,0,4,4,0,5,4,-1,2,1,-1,4,4,0,-0.4,-0.15,Tie,Pro,Tie,Con,6,1,2,3,0.0,0.16666666666666666,0.0,0.0,-0.3333333333333333,-0.16666666666666666
9714,2,2,0,3,3,0,1,1,0,1,1,0,4,5,1,0.2,0.05,Tie,Con,Con,Con,3,0,2,1,0.0,0.6666666666666666,0.3333333333333333,0.0,1.0,0.0
9720,4,3,-1,3,3,0,4,2,-2,1,2,1,3,2,-1,-0.6,-0.1,Pro,Con,Tie,Tie,5,0,0,5,0.0,0.0,0.0,0.0,0.6,0.0
9760,4,4,0,4,3,-1,4,3,-1,1,2,1,3,3,0,-0.2,0.0,Pro,Con,Tie,Tie,9,2,2,5,-0.111111,0.0,-0.3333333333333333,0.2222222222222222,0.4444444444444444,0.4444444444444444
9775,4,5,1,3,4,1,3,4,1,1,1,0,3,3,0,0.6,0.15,Con,Con,Con,Con,5,0,3,2,0.2,0.6,0.0,0.0,0.6,0.0
9777,3,4,1,3,3,0,3,4,1,1,1,0,4,3,-1,0.2,0.05,Con,Con,Con,Con,13,3,8,2,0.0,0.38461538461538464,0.07692307692307693,-0.07692307692307693,0.23076923076923078,0.07692307692307693
9901,3,4,1,3,4,1,3,4,1,1,2,1,4,4,0,0.8,0.25,Con,Con,Tie,Con,7,0,1,6,0.0,0.14285714285714285,0.0,0.0,0.7142857142857143,0.0
9904,4,5,1,4,4,0,3,4,1,1,1,0,3,3,0,0.4,0.1,Con,Con,Tie,Con,3,0,1,2,0.333333,0.3333333333333333,1.0,0.3333333333333333,0.6666666666666666,0.3333333333333333
10157,4,3,-1,4,3,-1,4,2,-2,1,1,0,3,3,0,-0.8,-0.2,Pro,Con,Tie,Tie,4,0,0,4,0.0,0.0,0.0,0.0,1.0,0.0
10200,3,5,2,3,4,1,3,4,1,2,2,0,4,4,0,0.8,0.2,Con,Con,Tie,Pro,3,1,0,2,-0.333333,-0.3333333333333333,0.6666666666666666,0.6666666666666666,0.3333333333333333,0.3333333333333333
10325,3,3,0,3,2,-1,2,3,1,2,1,-1,3,3,0,-0.2,-0.1,Pro,Con,Con,Con,2,0,2,0,0.0,1.0,0.5,1.0,1.0,1.0
10636,4,4,0,3,3,0,3,4,1,2,1,-1,3,2,-1,-0.2,-0.1,Pro,Con,Con,Con,31,7,21,3,0.0,0.45161290322580644,0.1935483870967742,0.25806451612903225,0.25806451612903225,0.2903225806451613
10735,4,4,0,3,4,1,3,4,1,1,2,1,3,4,1,0.8,0.25,Con,Con,Tie,Tie,5,0,0,5,0.0,0.0,0.2,0.0,-0.2,0.0
10747,1,5,4,1,4,3,1,4,3,1,2,1,3,4,1,2.4,0.65,Con,Con,Tie,Tie,1,0,0,1,0.0,0.0,1.0,0.0,1.0,0.0
10750,1,5,4,1,4,3,1,4,3,1,2,1,2,3,1,2.4,0.65,Con,Con,Tie,Tie,2,0,0,2,0.0,0.0,1.0,1.0,1.0,1.0
11171,4,4,0,4,4,0,4,3,-1,2,1,-1,4,4,0,-0.4,-0.15,Pro,Tie,Tie,Pro,18,1,0,17,-0.055556,-0.05555555555555555,-0.05555555555555555,-0.05555555555555555,-0.2222222222222222,-0.05555555555555555
11352,4,5,1,3,4,1,4,4,0,1,2,1,3,4,1,0.8,0.25,Con,Con,Con,Con,6,2,3,1,-0.166667,0.16666666666666666,0.16666666666666666,0.0,0.3333333333333333,0.16666666666666666
11368,4,3,-1,4,4,0,4,2,-2,2,1,-1,4,4,0,-0.8,-0.25,Pro,Pro,Tie,Tie,9,0,0,9,0.0,0.0,0.0,0.0,-0.7777777777777778,0.0
11371,4,4,0,3,3,0,3,4,1,1,2,1,3,2,-1,0.2,0.1,Con,Pro,Tie,Tie,1,0,0,1,0.0,0.0,-1.0,1.0,-1.0,1.0
11409,4,3,-1,4,2,-2,4,2,-2,1,1,0,4,2,-2,-1.4,-0.35,Pro,Pro,Pro,Pro,8,7,0,1,-0.125,-0.875,-0.875,-0.75,-0.75,-0.75
11439,3,4,1,3,3,0,3,4,1,1,2,1,3,4,1,0.8,0.25,Con,Con,Tie,Tie,10,0,0,10,0.0,0.0,0.0,0.0,1.0,0.0
11869,4,4,0,4,3,-1,4,3,-1,1,1,0,4,3,-1,-0.6,-0.15,Pro,Con,Con,Con,14,5,7,2,-0.071429,0.14285714285714285,0.0,-0.42857142857142855,0.0,-0.14285714285714285
12062,4,3,-1,4,4,0,4,3,-1,2,2,0,4,3,-1,-0.6,-0.15,Pro,Pro,Tie,Tie,4,0,0,4,0.0,0.0,0.0,0.0,0.0,0.0
12169,4,4,0,4,4,0,4,4,0,2,2,0,4,4,0,0.0,0.0,Tie,Con,Tie,Tie,15,0,0,15,0.0,0.0,0.0,0.0,0.7333333333333333,0.0
12202,5,3,-2,4,3,-1,5,3,-2,2,1,-1,4,3,-1,-1.4,-0.4,Pro,Pro,Tie,Con,2,0,1,1,0.0,0.5,0.5,0.5,0.0,0.0
12277,2,4,2,1,4,3,1,4,3,1,2,1,1,3,2,2.2,0.6,Con,Tie,Con,Con,3,1,2,0,-0.333333,0.3333333333333333,0.3333333333333333,0.0,0.3333333333333333,0.0
12278,4,4,0,3,4,1,4,3,-1,2,1,-1,2,3,1,0.0,-0.05,Con,Tie,Tie,Con,11,0,1,10,0.090909,0.09090909090909091,0.09090909090909091,0.09090909090909091,0.18181818181818182,0.0
12476,4,4,0,3,4,1,4,4,0,2,1,-1,3,2,-1,-0.2,-0.1,Pro,Con,Tie,Tie,5,0,0,5,0.0,0.0,0.0,0.0,0.2,0.0
12513,4,5,1,3,4,1,4,5,1,1,1,0,4,3,-1,0.4,0.1,Con,Con,Con,Con,10,3,6,1,-0.1,0.3,0.1,0.1,0.3,0.2
12635,3,4,1,3,3,0,2,3,1,1,1,0,3,3,0,0.4,0.1,Con,Pro,Tie,Tie,11,1,1,9,0.0,0.0,0.0,0.0,-0.2727272727272727,0.0
13048,4,4,0,4,4,0,4,4,0,1,1,0,3,3,0,0.0,0.0,Tie,Con,Tie,Tie,2,0,0,2,0.0,0.0,0.0,0.0,1.0,0.0
13275,3,4,1,4,3,-1,3,4,1,1,1,0,4,3,-1,0.0,0.0,Con,Con,Tie,Tie,3,0,0,3,0.0,0.0,0.0,0.0,1.0,0.0
13287,4,4,0,3,3,0,4,4,0,2,1,-1,3,4,1,0.0,-0.05,Tie,Pro,Tie,Tie,2,0,0,2,0.0,0.0,0.0,-0.5,-1.0,-0.5
13424,4,5,1,4,5,1,3,5,2,2,2,0,4,5,1,1.0,0.25,Con,Tie,Tie,Tie,7,0,0,7,0.0,0.0,0.0,0.0,0.14285714285714285,0.0
13625,5,4,-1,4,4,0,5,3,-2,1,1,0,3,4,1,-0.4,-0.1,Pro,Pro,Con,Con,1,0,1,0,1.0,1.0,0.0,0.0,0.0,0.0
13973,3,4,1,3,4,1,2,4,2,1,1,0,3,4,1,1.0,0.25,Con,Tie,Tie,Pro,6,2,0,4,0.166667,-0.3333333333333333,-0.3333333333333333,-0.3333333333333333,0.0,0.16666666666666666
13992,3,4,1,3,4,1,2,4,2,1,2,1,3,4,1,1.2,0.35,Con,Tie,Tie,Tie,1,0,0,1,0.0,0.0,1.0,0.0,0.0,0.0
14053,4,4,0,4,4,0,4,3,-1,2,1,-1,4,5,1,-0.2,-0.1,Pro,Con,Tie,Tie,3,1,1,1,0.333333,0.0,0.3333333333333333,0.6666666666666666,0.3333333333333333,0.0
14063,2,1,-1,2,1,-1,1,1,0,1,1,0,3,2,-1,-0.6,-0.15,Pro,Pro,Pro,Pro,4,4,0,0,0.0,-1.0,0.0,-0.25,-0.75,-0.25
14112,5,4,-1,4,3,-1,5,3,-2,1,1,0,4,3,-1,-1.0,-0.25,Pro,Tie,Tie,Tie,2,0,0,2,0.0,0.0,0.0,0.0,0.5,0.0
14127,3,4,1,3,4,1,3,4,1,2,2,0,4,4,0,0.6,0.15,Con,Con,Tie,Tie,14,0,0,14,0.0,0.0,0.0,0.0,0.14285714285714285,0.0
14130,4,1,-3,4,1,-3,4,1,-3,2,1,-1,4,3,-1,-2.2,-0.6,Pro,Tie,Tie,Tie,9,0,0,9,0.0,0.0,-0.1111111111111111,-0.1111111111111111,-0.1111111111111111,-0.1111111111111111
14205,4,5,1,3,4,1,4,5,1,2,1,-1,3,4,1,0.6,0.1,Con,Pro,Tie,Tie,12,0,0,12,0.0,0.0,0.0,0.0,0.0,0.0
14261,4,4,0,4,3,-1,4,3,-1,1,1,0,4,3,-1,-0.6,-0.15,Pro,Tie,Tie,Pro,4,1,0,3,0.25,-0.25,-0.5,0.0,-0.25,-0.5
14481,4,3,-1,4,3,-1,4,3,-1,1,1,0,5,4,-1,-0.8,-0.2,Pro,Con,Tie,Con,3,0,1,2,0.0,0.3333333333333333,0.0,0.0,1.0,-1.0
14565,4,5,1,3,4,1,3,4,1,1,2,1,3,4,1,1.0,0.3,Con,Con,Con,Con,2,0,2,0,0.5,1.0,0.5,1.0,1.0,0.5
14689,4,3,-1,4,3,-1,4,2,-2,2,1,-1,4,3,-1,-1.2,-0.35,Pro,Pro,Tie,Pro,2,1,0,1,0.0,-0.5,-0.5,0.5,-1.0,0.0
14912,1,2,1,1,3,2,1,2,1,1,1,0,2,4,2,1.2,0.3,Con,Con,Tie,Tie,8,0,0,8,0.0,0.0,0.0,0.0,0.75,0.0
15040,5,3,-2,4,2,-2,5,2,-3,1,1,0,3,3,0,-1.4,-0.35,Pro,Pro,Pro,Pro,3,2,0,1,0.0,-0.6666666666666666,0.3333333333333333,-0.6666666666666666,-1.0,0.0
15285,3,4,1,3,4,1,2,3,1,1,1,0,3,3,0,0.6,0.15,Con,Con,Tie,Tie,6,0,0,6,0.0,0.0,0.0,0.0,0.6666666666666666,0.0
15440,3,4,1,3,4,1,2,4,2,2,1,-1,4,4,0,0.6,0.1,Con,Con,Tie,Con,2,0,1,1,0.0,0.5,0.0,0.0,1.0,0.0
16076,5,4,-1,4,3,-1,5,4,-1,1,2,1,4,3,-1,-0.6,-0.1,Pro,Pro,Tie,Con,3,0,1,2,0.0,0.3333333333333333,-0.3333333333333333,0.0,0.0,0.3333333333333333
16468,3,3,0,3,3,0,3,3,0,1,1,0,3,3,0,0.0,0.0,Tie,Pro,Tie,Pro,3,1,0,2,-0.333333,-0.3333333333333333,-0.3333333333333333,-0.3333333333333333,-1.0,-0.3333333333333333
16825,4,4,0,3,3,0,4,3,-1,1,1,0,3,3,0,-0.2,-0.05,Pro,Con,Tie,Tie,16,0,0,16,0.0,0.0,0.0625,0.0625,0.0,0.0625
17007,3,4,1,3,4,1,2,4,2,1,2,1,3,4,1,1.2,0.35,Con,Pro,Tie,Tie,11,0,0,11,0.0,0.0,0.09090909090909091,-0.09090909090909091,-0.09090909090909091,-0.09090909090909091
17101,5,3,-2,4,3,-1,5,2,-3,1,1,0,4,3,-1,-1.4,-0.35,Pro,Pro,Tie,Tie,11,1,1,9,0.0,0.0,-0.09090909090909091,-0.09090909090909091,-0.5454545454545454,0.0
17106,4,5,1,4,4,0,4,5,1,2,1,-1,5,4,-1,0.0,-0.05,Con,Con,Tie,Tie,3,1,1,1,0.0,0.0,0.0,0.0,0.3333333333333333,0.0
17114,5,3,-2,4,3,-1,4,2,-2,2,1,-1,4,3,-1,-1.4,-0.4,Pro,Pro,Tie,Con,16,0,1,15,0.0,0.0625,0.0625,0.0,-0.125,0.0625
17188,4,4,0,4,3,-1,4,3,-1,2,1,-1,4,4,0,-0.6,-0.2,Pro,Pro,Tie,Tie,13,0,0,13,0.0,0.0,0.0,0.0,0.07692307692307693,0.0
17221,5,5,0,4,4,0,5,4,-1,2,2,0,4,5,1,0.0,0.0,Tie,Pro,Tie,Tie,3,0,0,3,0.0,0.0,0.0,0.0,-0.3333333333333333,0.0
17432,3,5,2,3,4,1,2,5,3,1,1,0,3,3,0,1.2,0.3,Con,Con,Tie,Tie,2,1,1,0,0.0,0.0,0.0,0.0,0.0,0.0
17433,3,4,1,3,4,1,2,4,2,1,2,1,3,4,1,1.2,0.35,Con,Con,Tie,Tie,2,1,1,0,0.0,0.0,0.5,0.5,1.0,1.0
17438,4,5,1,3,4,1,3,4,1,1,1,0,4,3,-1,0.4,0.1,Con,Con,Tie,Tie,5,1,1,3,0.0,0.0,1.0,0.6,0.6,0.6
17440,3,4,1,3,4,1,2,4,2,1,1,0,3,3,0,0.8,0.2,Con,Tie,Pro,Pro,1,1,0,0,-1.0,-1.0,1.0,-1.0,1.0,-1.0
17558,2,3,1,2,3,1,2,2,0,1,1,0,3,3,0,0.4,0.1,Con,Con,Con,Con,3,1,2,0,0.0,0.3333333333333333,1.0,0.6666666666666666,1.0,1.0
17587,3,4,1,3,4,1,3,4,1,1,2,1,3,3,0,0.8,0.25,Con,Con,Tie,Tie,7,0,0,7,0.0,0.0,0.0,0.0,0.14285714285714285,0.0
17747,3,4,1,4,4,0,3,4,1,2,1,-1,4,4,0,0.2,0.0,Con,Pro,Pro,Pro,3,2,0,1,-0.666667,-0.6666666666666666,0.0,-0.3333333333333333,-0.6666666666666666,0.3333333333333333
17792,4,4,0,4,3,-1,4,3,-1,2,1,-1,4,3,-1,-0.8,-0.25,Pro,Con,Tie,Con,4,0,2,2,0.0,0.5,0.25,0.0,1.0,0.75
17805,4,4,0,4,3,-1,4,4,0,1,1,0,3,3,0,-0.2,-0.05,Tie,Con,Tie,Tie,5,1,1,3,0.0,0.0,0.0,-0.6,0.2,0.0
17850,5,5,0,3,4,1,4,5,1,1,1,0,3,4,1,0.6,0.15,Con,Con,Con,Con,5,1,4,0,0.0,0.6,0.6,0.0,0.6,0.2
17856,3,4,1,3,4,1,3,4,1,1,2,1,4,3,-1,0.6,0.2,Con,Con,Con,Con,12,3,7,2,0.25,0.3333333333333333,0.08333333333333333,0.25,0.5,0.4166666666666667
17891,4,5,1,4,4,0,4,5,1,1,2,1,3,3,0,0.6,0.2,Con,Pro,Tie,Tie,12,0,0,12,0.0,0.0,0.0,0.0,-0.3333333333333333,0.0
17923,4,5,1,3,4,1,3,4,1,1,1,0,3,4,1,0.8,0.2,Con,Con,Pro,Pro,5,3,2,0,0.0,-0.2,-0.2,0.0,0.2,-0.2
18019,4,5,1,3,4,1,4,5,1,1,1,0,5,5,0,0.6,0.15,Con,Con,Tie,Tie,2,1,1,0,0.0,0.0,-0.5,1.0,-0.5,0.0
18035,4,5,1,3,4,1,3,5,2,1,1,0,3,3,0,0.8,0.2,Con,Con,Tie,Pro,12,3,0,9,-0.083333,-0.25,-0.25,-0.16666666666666666,0.25,0.0
18038,4,5,1,4,4,0,4,5,1,2,1,-1,4,4,0,0.2,0.0,Con,Con,Tie,Con,4,0,1,3,0.0,0.25,0.0,0.0,1.0,0.0
18493,3,5,2,3,4,1,2,4,2,2,1,-1,2,3,1,1.0,0.2,Con,Con,Tie,Tie,5,0,0,5,0.0,0.0,0.0,0.0,0.6,0.0
18908,4,4,0,4,4,0,3,3,0,2,1,-1,4,4,0,-0.2,-0.1,Tie,Con,Tie,Tie,3,0,0,3,0.0,0.0,0.6666666666666666,0.0,0.3333333333333333,0.3333333333333333
18975,3,2,-1,3,2,-1,3,1,-2,1,1,0,4,4,0,-0.8,-0.2,Pro,Pro,Tie,Tie,3,1,1,1,0.333333,0.0,-0.3333333333333333,-0.3333333333333333,-0.6666666666666666,-0.3333333333333333
18991,5,5,0,4,3,-1,5,4,-1,1,1,0,4,3,-1,-0.6,-0.15,Pro,Tie,Con,Con,3,0,2,1,0.333333,0.6666666666666666,0.0,0.6666666666666666,1.0,0.0
19142,3,4,1,3,4,1,3,4,1,1,1,0,3,4,1,0.8,0.2,Con,Tie,Pro,Pro,5,4,1,0,0.0,-0.6,-0.4,-1.0,-0.6,-1.0
19145,4,5,1,3,4,1,3,4,1,1,2,1,4,4,0,0.8,0.25,Con,Con,Con,Con,6,2,3,1,-0.166667,0.16666666666666666,-0.6666666666666666,-0.3333333333333333,-0.16666666666666666,-0.16666666666666666
19159,2,2,0,3,2,-1,2,1,-1,1,1,0,3,3,0,-0.4,-0.1,Pro,Pro,Tie,Tie,1,0,0,1,0.0,0.0,-1.0,-1.0,-1.0,-1.0
19313,4,4,0,4,3,-1,4,3,-1,1,1,0,4,3,-1,-0.6,-0.15,Pro,Con,Tie,Tie,5,1,1,3,0.0,0.0,0.0,0.8,0.6,0.6
19429,3,4,1,3,4,1,2,4,2,1,1,0,4,4,0,0.8,0.2,Con,Pro,Tie,Tie,1,0,0,1,0.0,0.0,0.0,0.0,0.0,0.0
19431,3,3,0,3,3,0,3,3,0,1,1,0,3,3,0,0.0,0.0,Tie,Con,Tie,Tie,1,0,0,1,0.0,0.0,1.0,0.0,1.0,0.0
19456,1,5,4,1,4,3,1,3,2,1,2,1,3,4,1,2.2,0.6,Con,Pro,Tie,Tie,3,1,1,1,0.0,0.0,0.3333333333333333,0.0,-0.3333333333333333,0.0
19463,5,3,-2,4,3,-1,5,3,-2,2,1,-1,4,3,-1,-1.4,-0.4,Pro,Pro,Tie,Pro,4,1,0,3,0.0,-0.25,-0.75,0.0,-0.75,-0.5
19470,2,5,3,3,4,1,1,4,3,1,1,0,3,4,1,1.6,0.4,Con,Tie,Tie,Tie,1,0,0,1,0.0,0.0,1.0,0.0,0.0,0.0
19735,4,4,0,4,4,0,4,4,0,1,2,1,4,4,0,0.2,0.1,Con,Pro,Tie,Tie,11,1,1,9,0.0,0.0,-0.09090909090909091,0.0,-0.09090909090909091,-0.09090909090909091
19844,4,5,1,3,4,1,3,4,1,1,2,1,4,5,1,1.0,0.3,Con,Con,Con,Con,4,1,3,0,0.0,0.5,0.5,0.5,0.5,0.25
19873,3,4,1,3,4,1,2,4,2,1,2,1,4,3,-1,0.8,0.25,Con,Con,Tie,Tie,8,0,0,8,0.0,0.0,0.0,0.0,0.0,0.0
19879,4,5,1,4,5,1,3,4,1,2,1,-1,3,4,1,0.6,0.1,Con,Pro,Tie,Pro,12,1,0,11,0.0,-0.08333333333333333,-0.08333333333333333,-0.08333333333333333,-0.08333333333333333,-0.08333333333333333
19885,4,5,1,3,5,2,3,5,2,1,2,1,3,4,1,1.4,0.4,Con,Con,Con,Con,4,0,3,1,0.25,0.75,0.0,0.0,1.0,0.5
19900,1,2,1,1,3,2,1,2,1,1,1,0,2,4,2,1.2,0.3,Con,Con,Tie,Con,3,0,1,2,0.0,0.3333333333333333,1.0,0.0,0.6666666666666666,0.0
19901,4,5,1,4,4,0,4,5,1,1,2,1,4,5,1,0.8,0.25,Con,Pro,Tie,Tie,20,0,0,20,0.0,0.0,-0.05,-0.05,0.0,-0.05
20227,4,4,0,3,3,0,4,4,0,1,1,0,4,4,0,0.0,0.0,Tie,Con,Con,Con,8,0,5,3,0.375,0.625,0.25,0.125,0.75,0.75
20235,4,3,-1,4,3,-1,4,3,-1,1,1,0,4,3,-1,-0.8,-0.2,Pro,Pro,Pro,Pro,9,9,0,0,-0.222222,-1.0,-0.5555555555555556,-0.8888888888888888,-1.0,-1.0
20482,5,5,0,5,4,-1,5,4,-1,1,2,1,4,5,1,0.0,0.05,Tie,Pro,Tie,Tie,7,0,0,7,0.0,0.0,0.0,0.0,-1.0,0.0
20605,4,3,-1,4,3,-1,4,3,-1,1,1,0,3,2,-1,-0.8,-0.2,Pro,Con,Tie,Pro,11,1,0,10,0.0,-0.09090909090909091,0.0,0.09090909090909091,-0.09090909090909091,0.09090909090909091
20852,3,4,1,3,4,1,2,4,2,1,1,0,3,4,1,1.0,0.25,Con,Con,Con,Con,6,1,3,2,0.166667,0.3333333333333333,0.5,0.6666666666666666,0.6666666666666666,0.6666666666666666
20873,5,5,0,4,4,0,4,4,0,2,1,-1,5,5,0,-0.2,-0.1,Tie,Pro,Tie,Con,4,0,1,3,0.0,0.25,0.0,0.25,0.5,0.0
20892,5,4,-1,4,3,-1,5,3,-2,2,1,-1,4,4,0,-1.0,-0.3,Pro,Pro,Tie,Pro,12,5,2,5,0.0,-0.25,-0.08333333333333333,0.0,0.16666666666666666,0.5
20943,4,4,0,3,4,1,4,3,-1,1,1,0,3,4,1,0.2,0.05,Tie,Pro,Pro,Pro,11,5,3,3,-0.090909,-0.18181818181818182,0.18181818181818182,0.09090909090909091,0.0,-0.18181818181818182
20952,4,4,0,4,3,-1,4,3,-1,2,1,-1,5,4,-1,-0.8,-0.25,Pro,Pro,Pro,Pro,17,9,7,1,0.0,-0.11764705882352941,0.11764705882352941,0.058823529411764705,0.0,0.23529411764705882
21017,5,4,-1,4,4,0,4,4,0,2,1,-1,4,4,0,-0.4,-0.15,Tie,Pro,Pro,Pro,20,11,7,2,-0.05,-0.2,0.0,0.1,-0.05,0.15
21019,5,5,0,4,4,0,5,4,-1,1,1,0,4,4,0,-0.2,-0.05,Tie,Con,Tie,Tie,23,10,10,3,0.086957,0.0,0.0,0.0,0.13043478260869565,0.17391304347826086
21042,5,3,-2,4,3,-1,4,2,-2,1,1,0,3,3,0,-1.0,-0.25,Pro,Pro,Tie,Tie,12,0,0,12,0.0,0.0,0.0,0.0,-0.5,0.0
21043,5,4,-1,5,3,-2,5,4,-1,2,1,-1,4,4,0,-1.0,-0.3,Pro,Pro,Pro,Pro,5,3,1,1,0.0,-0.4,0.0,-0.2,-0.6,-0.4
21045,4,4,0,4,3,-1,4,3,-1,2,1,-1,5,4,-1,-0.8,-0.25,Pro,Pro,Tie,Pro,8,3,2,3,0.0,-0.125,-0.125,-0.125,0.0,0.25
21059,3,4,1,2,4,2,2,4,2,1,2,1,3,2,-1,1.0,0.3,Con,Pro,Tie,Tie,13,1,1,11,0.0,0.0,-0.07692307692307693,-0.07692307692307693,-0.6153846153846154,-0.07692307692307693
21105,4,2,-2,4,3,-1,4,2,-2,2,1,-1,4,3,-1,-1.4,-0.4,Pro,Pro,Tie,Tie,3,1,1,1,0.0,0.0,-0.6666666666666666,-0.3333333333333333,-0.6666666666666666,-0.6666666666666666
21117,5,5,0,4,4,0,4,4,0,1,1,0,4,4,0,0.0,0.0,Tie,Tie,Tie,Tie,32,13,13,6,0.03125,0.0,0.0625,0.15625,0.0,0.03125
21120,3,2,-1,3,2,-1,3,2,-1,1,2,1,2,3,1,-0.2,0.0,Con,Pro,Con,Con,8,3,4,1,-0.125,0.125,-0.375,-0.375,-0.5,-0.5
21125,4,4,0,4,3,-1,4,3,-1,1,1,0,4,3,-1,-0.6,-0.15,Pro,Con,Con,Con,3,1,2,0,0.0,0.3333333333333333,0.0,0.3333333333333333,0.3333333333333333,0.0
21137,4,3,-1,4,2,-2,4,3,-1,1,2,1,3,3,0,-0.6,-0.1,Pro,Pro,Tie,Tie,6,3,3,0,0.0,0.0,-0.5,-0.16666666666666666,-0.5,-0.16666666666666666
21145,5,3,-2,4,3,-1,4,2,-2,1,2,1,4,3,-1,-1.0,-0.2,Pro,Con,Con,Con,1,0,1,0,0.0,1.0,1.0,0.0,1.0,0.0
21164,2,4,2,2,4,2,1,3,2,1,2,1,3,3,0,1.4,0.4,Con,Con,Con,Con,5,1,3,1,0.0,0.4,0.6,0.4,0.6,0.6
21222,4,4,0,4,4,0,4,4,0,2,2,0,4,4,0,0.0,0.0,Tie,Tie,Tie,Tie,8,0,0,8,0.0,0.0,0.0,0.0,0.0,0.0
21250,4,4,0,3,4,1,3,4,1,1,1,0,3,3,0,0.4,0.1,Con,Pro,Pro,Pro,5,5,0,0,-0.2,-1.0,0.2,0.2,-0.4,-0.6
21252,4,3,-1,4,3,-1,4,2,-2,1,1,0,3,2,-1,-1.0,-0.25,Pro,Con,Tie,Tie,7,0,0,7,0.0,0.0,0.0,0.0,0.42857142857142855,0.0
21427,5,4,-1,4,3,-1,5,3,-2,1,2,1,4,4,0,-0.6,-0.1,Pro,Pro,Tie,Pro,3,1,0,2,0.0,-0.3333333333333333,-0.3333333333333333,-0.3333333333333333,-1.0,-0.6666666666666666
21438,4,3,-1,4,3,-1,3,2,-1,1,1,0,4,3,-1,-0.8,-0.2,Pro,Con,Tie,Tie,16,0,0,16,0.0,0.0,0.0,0.0,0.125,0.0
21461,4,3,-1,4,3,-1,4,3,-1,2,1,-1,4,3,-1,-1.0,-0.3,Pro,Pro,Pro,Pro,7,3,2,2,0.0,-0.14285714285714285,0.0,-0.14285714285714285,-0.42857142857142855,0.14285714285714285
21474,4,3,-1,4,4,0,4,3,-1,2,1,-1,5,5,0,-0.6,-0.2,Pro,Pro,Tie,Con,18,0,1,17,0.0,0.05555555555555555,0.0,0.0,-0.4444444444444444,0.0
21476,5,4,-1,4,3,-1,5,3,-2,1,1,0,3,4,1,-0.6,-0.15,Pro,Pro,Con,Con,4,1,3,0,0.0,0.5,0.0,-0.25,0.25,1.0
21533,3,2,-1,3,3,0,2,3,1,1,1,0,3,3,0,0.0,0.0,Tie,Con,Con,Con,1,0,1,0,0.0,1.0,0.0,0.0,1.0,0.0
21818,5,5,0,4,3,-1,4,4,0,2,1,-1,2,2,0,-0.4,-0.15,Pro,Con,Tie,Pro,29,2,1,26,-0.068966,-0.034482758620689655,-0.034482758620689655,-0.06896551724137931,-0.034482758620689655,0.0
21820,4,4,0,4,3,-1,4,4,0,2,1,-1,4,3,-1,-0.6,-0.2,Pro,Con,Con,Con,19,6,8,5,0.105263,0.10526315789473684,0.10526315789473684,-0.2631578947368421,0.3157894736842105,0.15789473684210525
21843,4,5,1,3,4,1,4,4,0,2,1,-1,3,3,0,0.2,0.0,Con,Pro,Tie,Pro,10,1,0,9,0.0,-0.1,-0.1,0.0,-0.4,-0.1
21851,4,5,1,4,4,0,4,5,1,2,1,-1,4,3,-1,0.0,-0.05,Con,Con,Con,Con,5,1,4,0,0.2,0.6,0.6,0.4,0.6,0.6
21854,4,4,0,4,3,-1,4,4,0,1,1,0,3,3,0,-0.2,-0.05,Tie,Pro,Tie,Pro,7,3,0,4,0.0,-0.42857142857142855,-0.14285714285714285,0.14285714285714285,-0.14285714285714285,-0.2857142857142857
21871,4,5,1,3,4,1,4,5,1,2,1,-1,4,4,0,0.4,0.05,Con,Con,Con,Con,10,1,7,2,0.1,0.6,-0.1,-0.1,0.6,-0.2
21923,4,4,0,4,3,-1,4,4,0,1,1,0,4,4,0,-0.2,-0.05,Tie,Pro,Tie,Tie,4,0,0,4,0.0,0.0,0.0,0.0,0.5,0.0
23249,5,4,-1,4,3,-1,5,3,-2,1,2,1,4,4,0,-0.6,-0.1,Pro,Pro,Con,Con,6,0,4,2,0.0,0.6666666666666666,0.16666666666666666,-0.16666666666666666,-0.16666666666666666,-0.16666666666666666
23544,4,5,1,3,4,1,4,4,0,2,1,-1,4,5,1,0.4,0.05,Con,Con,Tie,Tie,6,0,0,6,0.0,0.0,0.0,0.0,1.0,0.0
23576,4,4,0,4,3,-1,4,3,-1,2,1,-1,3,3,0,-0.6,-0.2,Pro,Con,Tie,Tie,5,0,0,5,0.0,0.0,-0.2,0.0,0.4,-0.4
23617,5,4,-1,4,3,-1,4,4,0,1,1,0,4,3,-1,-0.6,-0.15,Pro,Tie,Con,Con,9,2,4,3,0.0,0.2222222222222222,-0.1111111111111111,0.0,0.0,0.1111111111111111
23618,4,4,0,4,3,-1,4,3,-1,1,1,0,4,3,-1,-0.6,-0.15,Pro,Pro,Pro,Pro,2,2,0,0,0.0,-1.0,-1.0,-1.0,-1.0,-1.0
23639,4,4,0,4,4,0,4,3,-1,2,1,-1,3,4,1,-0.2,-0.1,Pro,Con,Tie,Tie,8,0,0,8,0.0,0.0,0.0,0.0,0.5,0.0
23646,4,5,1,3,4,1,3,5,2,1,2,1,3,4,1,1.2,0.35,Con,Con,Tie,Con,3,0,1,2,0.0,0.3333333333333333,0.0,0.0,1.0,0.0
23768,4,2,-2,4,2,-2,4,1,-3,2,1,-1,4,3,-1,-1.8,-0.5,Pro,Pro,Tie,Tie,3,0,0,3,0.0,0.0,-0.3333333333333333,0.0,0.3333333333333333,0.0
23773,4,4,0,4,4,0,4,4,0,2,1,-1,4,3,-1,-0.4,-0.15,Tie,Pro,Tie,Pro,6,1,0,5,-0.166667,-0.16666666666666666,-0.16666666666666666,-0.16666666666666666,0.3333333333333333,-0.16666666666666666
23847,3,5,2,3,4,1,2,4,2,1,1,0,3,3,0,1.0,0.25,Con,Con,Tie,Con,3,0,1,2,0.0,0.3333333333333333,0.3333333333333333,0.3333333333333333,0.3333333333333333,0.0
23938,4,5,1,4,3,-1,4,4,0,1,1,0,3,2,-1,-0.2,-0.05,Pro,Pro,Tie,Tie,12,2,2,8,-0.083333,0.0,0.16666666666666666,0.16666666666666666,0.0,0.16666666666666666
23941,4,4,0,3,3,0,3,3,0,1,2,1,3,2,-1,0.0,0.05,Pro,Con,Tie,Con,13,0,1,12,0.0,0.07692307692307693,0.07692307692307693,0.07692307692307693,0.38461538461538464,0.07692307692307693
23947,4,4,0,3,4,1,4,4,0,2,2,0,3,4,1,0.4,0.1,Tie,Con,Tie,Tie,1,0,0,1,0.0,0.0,1.0,0.0,1.0,0.0
23948,3,3,0,3,3,0,3,3,0,1,1,0,4,3,-1,-0.2,-0.05,Tie,Tie,Tie,Con,6,0,3,3,0.0,0.5,0.0,-0.5,0.0,-0.3333333333333333
24012,5,4,-1,4,3,-1,4,3,-1,2,1,-1,4,4,0,-0.8,-0.25,Pro,Con,Con,Con,4,0,3,1,0.0,0.75,0.0,0.0,1.0,0.0
24021,4,4,0,3,3,0,3,4,1,2,1,-1,4,3,-1,-0.2,-0.1,Tie,Con,Tie,Con,2,0,1,1,0.0,0.5,0.0,0.5,1.0,0.5
24114,5,4,-1,4,3,-1,4,3,-1,1,2,1,3,3,0,-0.4,-0.05,Pro,Tie,Tie,Tie,2,0,0,2,-0.5,0.0,0.5,0.5,1.0,0.5
24121,4,4,0,4,4,0,4,3,-1,1,2,1,4,4,0,0.0,0.05,Pro,Pro,Pro,Pro,7,6,0,1,-0.142857,-0.8571428571428571,0.0,-0.14285714285714285,-0.7142857142857143,-0.14285714285714285
24162,3,4,1,3,4,1,3,4,1,1,2,1,3,4,1,1.0,0.3,Con,Tie,Tie,Con,2,0,1,1,0.5,0.5,0.0,-0.5,0.5,0.0
24185,4,5,1,3,4,1,3,4,1,1,1,0,3,4,1,0.8,0.2,Con,Con,Tie,Pro,2,1,0,1,0.0,-0.5,0.0,0.0,1.0,-0.5
24219,4,3,-1,4,3,-1,4,3,-1,1,1,0,4,4,0,-0.6,-0.15,Pro,Con,Tie,Tie,2,1,1,0,0.0,0.0,0.0,-1.0,1.0,0.0
24238,5,4,-1,4,3,-1,5,4,-1,1,1,0,3,3,0,-0.6,-0.15,Pro,Con,Tie,Tie,11,0,0,11,0.0,0.0,0.0,0.0,0.09090909090909091,0.0
24515,5,4,-1,4,4,0,5,3,-2,2,2,0,3,4,1,-0.4,-0.1,Pro,Con,Tie,Pro,7,2,1,4,0.142857,-0.14285714285714285,-0.2857142857142857,0.0,0.0,-0.14285714285714285
24566,3,4,1,3,4,1,3,4,1,1,2,1,3,4,1,1.0,0.3,Con,Con,Tie,Tie,2,0,0,2,0.0,0.0,0.0,0.0,-0.5,-0.5
24611,5,4,-1,4,3,-1,5,3,-2,1,2,1,3,4,1,-0.4,-0.05,Pro,Pro,Tie,Tie,11,0,0,11,0.0,0.0,0.0,0.0,-0.09090909090909091,0.0
24615,5,4,-1,4,3,-1,4,3,-1,1,1,0,3,4,1,-0.4,-0.1,Pro,Con,Tie,Tie,2,0,0,2,0.0,0.0,0.0,0.0,1.0,0.0
24738,4,5,1,4,4,0,4,5,1,2,2,0,4,5,1,0.6,0.15,Con,Con,Tie,Tie,8,1,1,6,0.0,0.0,-0.125,0.0,0.375,0.0
24756,4,4,0,4,3,-1,3,3,0,1,1,0,3,2,-1,-0.4,-0.1,Pro,Con,Tie,Con,11,0,2,9,0.090909,0.18181818181818182,-0.36363636363636365,-0.18181818181818182,0.2727272727272727,0.0
24773,3,4,1,3,3,0,3,4,1,1,1,0,4,3,-1,0.2,0.05,Con,Pro,Tie,Con,2,0,1,1,-0.5,0.5,1.0,0.5,0.5,1.0
24997,3,4,1,3,4,1,3,4,1,1,1,0,3,4,1,0.8,0.2,Con,Con,Tie,Tie,3,0,0,3,0.0,0.0,0.0,0.0,-0.3333333333333333,0.0
25047,3,5,2,2,4,2,2,4,2,1,2,1,2,3,1,1.6,0.45,Con,Pro,Tie,Con,22,1,3,18,0.045455,0.09090909090909091,0.13636363636363635,0.0,-0.22727272727272727,0.045454545454545456
25056,4,3,-1,4,4,0,4,3,-1,1,2,1,3,4,1,0.0,0.05,Pro,Pro,Tie,Tie,1,0,0,1,0.0,0.0,0.0,0.0,-1.0,0.0
25105,5,4,-1,4,3,-1,4,4,0,2,1,-1,3,3,0,-0.6,-0.2,Pro,Pro,Pro,Pro,3,3,0,0,0.0,-1.0,-0.6666666666666666,0.0,-1.0,-1.0
25218,5,4,-1,4,3,-1,5,4,-1,2,2,0,4,4,0,-0.6,-0.15,Pro,Con,Tie,Con,12,1,5,6,0.166667,0.3333333333333333,0.08333333333333333,0.0,0.25,-0.16666666666666666
25573,3,5,2,3,4,1,2,5,3,1,2,1,4,4,0,1.4,0.4,Con,Con,Tie,Pro,14,2,0,12,0.0,-0.14285714285714285,-0.14285714285714285,-0.14285714285714285,0.0,-0.14285714285714285
25600,4,2,-2,4,3,-1,4,2,-2,1,2,1,4,4,0,-0.8,-0.15,Pro,Con,Con,Con,8,1,7,0,0.0,0.75,0.125,0.125,0.5,0.375
25726,2,4,2,2,4,2,2,4,2,1,1,0,3,3,0,1.2,0.3,Con,Con,Tie,Tie,2,0,0,2,0.0,0.0,0.0,0.5,0.5,1.0
25779,4,4,0,4,4,0,4,3,-1,2,1,-1,4,3,-1,-0.6,-0.2,Pro,Tie,Pro,Pro,4,2,1,1,0.0,-0.25,-0.75,-0.25,-0.5,-0.25
25802,4,2,-2,4,1,-3,3,1,-2,2,1,-1,4,2,-2,-2.0,-0.55,Pro,Con,Tie,Tie,5,2,2,1,0.0,0.0,-0.2,-0.2,0.6,-0.2
25812,4,3,-1,4,3,-1,3,3,0,2,1,-1,4,3,-1,-0.8,-0.25,Pro,Pro,Tie,Tie,13,0,0,13,0.0,0.0,0.0,0.0,-0.5384615384615384,0.0
26266,4,3,-1,4,4,0,4,3,-1,2,1,-1,4,4,0,-0.6,-0.2,Pro,Tie,Tie,Con,7,1,2,4,0.142857,0.14285714285714285,-0.14285714285714285,0.0,0.14285714285714285,0.0
27375,3,4,1,3,4,1,2,4,2,2,1,-1,3,3,0,0.6,0.1,Con,Con,Tie,Tie,1,0,0,1,0.0,0.0,0.0,0.0,1.0,0.0
27476,4,4,0,4,4,0,4,3,-1,2,1,-1,4,3,-1,-0.6,-0.2,Pro,Pro,Tie,Pro,15,1,0,14,0.0,-0.06666666666666667,-0.13333333333333333,-0.13333333333333333,-0.4666666666666667,-0.13333333333333333
27483,4,4,0,4,4,0,3,4,1,2,1,-1,4,4,0,0.0,-0.05,Con,Pro,Con,Con,11,3,5,3,0.090909,0.18181818181818182,0.2727272727272727,0.36363636363636365,-0.09090909090909091,0.18181818181818182
27538,4,3,-1,4,3,-1,4,3,-1,1,2,1,4,4,0,-0.4,-0.05,Pro,Pro,Tie,Tie,7,0,0,7,0.0,0.0,0.0,0.0,-0.14285714285714285,0.0
27552,4,5,1,3,4,1,3,4,1,1,2,1,3,3,0,0.8,0.25,Con,Pro,Pro,Pro,3,2,0,1,-0.333333,-0.6666666666666666,-1.0,0.3333333333333333,-1.0,-0.3333333333333333
27670,3,4,1,3,4,1,2,4,2,1,1,0,3,4,1,1.0,0.25,Con,Con,Tie,Tie,6,0,0,6,0.0,0.0,0.0,0.0,0.3333333333333333,0.0
27716,4,3,-1,4,3,-1,4,3,-1,1,1,0,3,4,1,-0.4,-0.1,Pro,Con,Tie,Con,13,1,3,9,0.076923,0.15384615384615385,0.23076923076923078,0.07692307692307693,0.5384615384615384,0.15384615384615385
27734,4,3,-1,4,3,-1,4,2,-2,1,1,0,3,2,-1,-1.0,-0.25,Pro,Con,Tie,Tie,6,0,0,6,0.0,0.0,0.0,0.0,0.0,0.0
27737,4,4,0,3,4,1,4,4,0,1,2,1,3,4,1,0.6,0.2,Con,Pro,Pro,Pro,4,3,1,0,0.0,-0.5,-0.25,-0.75,-0.75,-0.5
27760,5,4,-1,4,4,0,4,3,-1,1,1,0,3,3,0,-0.4,-0.1,Pro,Tie,Tie,Pro,6,2,1,3,0.0,-0.16666666666666666,0.3333333333333333,0.16666666666666666,0.0,0.16666666666666666
27861,3,4,1,3,4,1,2,4,2,1,2,1,3,3,0,1.0,0.3,Con,Con,Con,Con,3,0,3,0,0.0,1.0,0.6666666666666666,0.6666666666666666,1.0,0.6666666666666666
27866,4,3,-1,4,3,-1,4,3,-1,1,1,0,4,3,-1,-0.8,-0.2,Pro,Tie,Tie,Con,12,2,4,6,0.166667,0.16666666666666666,0.16666666666666666,0.08333333333333333,0.08333333333333333,-0.08333333333333333
28011,3,4,1,3,4,1,3,4,1,1,2,1,3,4,1,1.0,0.3,Con,Con,Tie,Pro,6,1,0,5,0.0,-0.16666666666666666,0.16666666666666666,0.16666666666666666,0.6666666666666666,0.16666666666666666
28051,4,4,0,4,3,-1,4,3,-1,1,1,0,3,2,-1,-0.6,-0.15,Pro,Con,Tie,Tie,2,1,1,0,-0.5,0.0,-0.5,0.0,0.0,0.0
28182,5,4,-1,4,3,-1,5,3,-2,1,1,0,3,4,1,-0.6,-0.15,Pro,Pro,Tie,Pro,3,1,0,2,0.0,-0.3333333333333333,-0.3333333333333333,-0.3333333333333333,-0.3333333333333333,-0.3333333333333333
28236,2,4,2,3,4,1,2,4,2,1,2,1,3,3,0,1.2,0.35,Con,Con,Con,Con,3,1,2,0,0.0,0.3333333333333333,1.0,0.0,1.0,0.6666666666666666
28251,3,2,-1,2,3,1,3,2,-1,1,1,0,3,3,0,-0.2,-0.05,Pro,Pro,Tie,Tie,8,0,0,8,0.0,0.0,0.0,0.0,-0.75,0.0
28302,4,4,0,3,3,0,4,3,-1,1,1,0,4,3,-1,-0.4,-0.1,Pro,Pro,Tie,Con,2,0,1,1,0.0,0.5,0.0,0.0,0.0,-0.5
28328,5,5,0,4,3,-1,4,4,0,1,1,0,4,4,0,-0.2,-0.05,Tie,Pro,Tie,Tie,3,0,0,3,0.0,0.0,0.0,0.0,0.3333333333333333,0.0
28331,4,4,0,4,3,-1,4,4,0,2,2,0,3,3,0,-0.2,-0.05,Tie,Con,Tie,Tie,2,0,0,2,0.0,0.0,0.5,0.5,0.5,0.0
28349,4,4,0,4,3,-1,4,3,-1,1,1,0,3,2,-1,-0.6,-0.15,Pro,Pro,Tie,Pro,3,1,0,2,0.0,-0.3333333333333333,0.0,0.0,-0.3333333333333333,0.0
28353,4,5,1,3,4,1,3,4,1,1,1,0,4,4,0,0.6,0.15,Con,Con,Con,Con,1,0,1,0,0.0,1.0,1.0,1.0,1.0,1.0
28354,4,4,0,4,3,-1,4,3,-1,1,1,0,4,4,0,-0.4,-0.1,Pro,Tie,Tie,Tie,2,1,1,0,0.0,0.0,0.0,0.0,0.0,0.0
28358,4,4,0,3,3,0,3,3,0,1,1,0,4,3,-1,-0.2,-0.05,Tie,Pro,Pro,Pro,4,3,1,0,0.0,-0.5,0.75,0.75,0.0,0.0
28359,2,5,3,3,4,1,1,4,3,1,2,1,3,3,0,1.6,0.45,Con,Con,Tie,Tie,1,0,0,1,0.0,0.0,1.0,1.0,1.0,1.0
28429,3,3,0,3,4,1,3,3,0,1,2,1,2,4,2,0.8,0.25,Con,Pro,Tie,Tie,2,0,0,2,0.0,0.0,0.0,0.0,0.0,0.0
28485,4,4,0,4,3,-1,4,2,-2,1,1,0,3,3,0,-0.6,-0.15,Pro,Pro,Tie,Tie,9,1,1,7,0.0,0.0,0.0,0.0,-0.1111111111111111,0.0
28509,5,4,-1,4,3,-1,4,3,-1,1,1,0,5,3,-2,-1.0,-0.25,Pro,Con,Tie,Con,6,0,2,4,0.166667,0.3333333333333333,0.16666666666666666,0.16666666666666666,0.0,0.3333333333333333
28522,5,5,0,4,4,0,4,4,0,1,2,1,4,4,0,0.2,0.1,Tie,Pro,Pro,Pro,7,4,0,3,0.0,-0.5714285714285714,0.0,0.0,-0.42857142857142855,-0.2857142857142857
28553,4,2,-2,4,3,-1,4,1,-3,1,1,0,3,3,0,-1.2,-0.3,Pro,Con,Tie,Tie,13,0,0,13,0.0,0.0,0.0,0.0,0.38461538461538464,0.0
28610,4,4,0,3,3,0,4,4,0,1,1,0,2,4,2,0.4,0.1,Tie,Con,Tie,Con,7,0,1,6,0.0,0.14285714285714285,0.14285714285714285,0.14285714285714285,0.42857142857142855,0.14285714285714285
28611,5,4,-1,4,3,-1,5,4,-1,2,1,-1,4,4,0,-0.8,-0.25,Pro,Pro,Tie,Con,2,0,1,1,0.0,0.5,0.0,0.0,0.0,-0.5
28631,4,4,0,4,3,-1,4,3,-1,2,1,-1,4,3,-1,-0.8,-0.25,Pro,Pro,Tie,Pro,3,1,0,2,-0.333333,-0.3333333333333333,-0.3333333333333333,0.0,-0.3333333333333333,-0.3333333333333333
28637,3,3,0,3,3,0,3,3,0,1,1,0,3,2,-1,-0.2,-0.05,Tie,Tie,Pro,Pro,4,2,1,1,0.0,-0.25,-0.25,0.0,-0.25,-0.25
28649,5,4,-1,4,3,-1,5,3,-2,1,1,0,5,4,-1,-1.0,-0.25,Pro,Tie,Tie,Tie,2,0,0,2,0.0,0.0,0.0,0.5,0.5,0.0
28675,5,4,-1,4,3,-1,5,3,-2,2,2,0,3,4,1,-0.6,-0.15,Pro,Pro,Tie,Tie,2,0,0,2,0.0,0.0,0.0,0.0,-1.0,0.0
28763,2,3,1,2,3,1,2,3,1,1,1,0,3,3,0,0.6,0.15,Con,Con,Tie,Pro,6,1,0,5,0.0,-0.16666666666666666,0.0,0.0,0.3333333333333333,0.0
28870,4,4,0,3,3,0,4,3,-1,1,1,0,3,3,0,-0.2,-0.05,Pro,Pro,Tie,Con,7,0,3,4,0.0,0.42857142857142855,0.14285714285714285,0.2857142857142857,-0.14285714285714285,0.14285714285714285
28926,3,4,1,3,4,1,3,4,1,2,1,-1,3,4,1,0.6,0.1,Con,Con,Tie,Con,7,0,1,6,0.0,0.14285714285714285,0.2857142857142857,0.2857142857142857,0.14285714285714285,0.14285714285714285
28932,4,5,1,3,4,1,3,5,2,1,1,0,3,3,0,0.8,0.2,Con,Con,Tie,Con,7,1,2,4,0.0,0.14285714285714285,0.14285714285714285,0.14285714285714285,0.42857142857142855,-0.2857142857142857
29032,4,5,1,3,4,1,3,4,1,1,1,0,4,5,1,0.8,0.2,Con,Con,Tie,Tie,4,1,1,2,0.0,0.0,0.25,0.25,0.25,0.25
29139,4,4,0,3,4,1,4,3,-1,2,1,-1,3,4,1,0.0,-0.05,Pro,Pro,Pro,Pro,1,1,0,0,0.0,-1.0,-1.0,-1.0,-1.0,-1.0
29177,4,5,1,4,4,0,3,4,1,1,2,1,3,3,0,0.6,0.2,Con,Pro,Pro,Pro,5,5,0,0,-0.4,-1.0,-0.8,-0.8,-1.0,-0.8
29270,5,5,0,4,4,0,4,4,0,1,2,1,4,4,0,0.2,0.1,Tie,Tie,Tie,Pro,4,2,0,2,0.0,-0.5,0.0,-0.25,-0.5,-0.5
29271,4,5,1,3,4,1,3,4,1,1,1,0,3,4,1,0.8,0.2,Con,Con,Tie,Tie,11,0,0,11,0.0,0.0,0.0,0.0,0.09090909090909091,0.0
29451,4,5,1,4,4,0,3,4,1,1,2,1,4,4,0,0.6,0.2,Con,Con,Con,Con,3,0,3,0,0.0,1.0,0.0,0.0,1.0,1.0
29896,4,3,-1,4,2,-2,4,2,-2,1,1,0,3,3,0,-1.0,-0.25,Pro,Con,Tie,Pro,3,1,0,2,0.0,-0.3333333333333333,1.0,0.0,0.6666666666666666,-1.0
30716,2,4,2,2,4,2,1,4,3,1,1,0,3,4,1,1.6,0.4,Con,Con,Con,Con,3,0,3,0,0.0,1.0,1.0,1.0,1.0,1.0
30984,4,5,1,3,4,1,3,4,1,1,2,1,3,4,1,1.0,0.3,Con,Pro,Tie,Con,2,0,1,1,0.0,0.5,0.0,0.5,0.0,0.0
30991,4,4,0,3,3,0,4,4,0,1,1,0,4,2,-2,-0.4,-0.1,Pro,Pro,Pro,Pro,4,4,0,0,0.0,-1.0,-0.75,0.75,-1.0,-0.25
31692,5,4,-1,4,4,0,5,4,-1,2,2,0,5,5,0,-0.4,-0.1,Pro,Pro,Tie,Pro,2,1,0,1,0.0,-0.5,-0.5,-0.5,-1.0,0.0
31862,5,4,-1,4,4,0,4,4,0,1,2,1,4,4,0,0.0,0.05,Tie,Pro,Tie,Tie,1,0,0,1,0.0,0.0,-1.0,0.0,-1.0,-1.0
31865,3,4,1,3,3,0,2,3,1,1,2,1,3,3,0,0.6,0.2,Con,Con,Con,Con,3,0,2,1,0.0,0.6666666666666666,0.6666666666666666,-0.3333333333333333,0.6666666666666666,0.6666666666666666
32032,5,4,-1,4,4,0,4,4,0,2,2,0,5,3,-2,-0.6,-0.15,Tie,Pro,Pro,Pro,3,2,1,0,0.0,-0.3333333333333333,0.0,0.0,-0.3333333333333333,0.0
32069,3,4,1,4,3,-1,3,3,0,2,1,-1,5,5,0,-0.2,-0.1,Tie,Con,Con,Con,3,0,2,1,0.0,0.6666666666666666,0.6666666666666666,0.0,1.0,0.6666666666666666
32924,2,4,2,2,4,2,1,3,2,1,1,0,3,5,2,1.6,0.4,Con,Con,Tie,Tie,1,0,0,1,0.0,0.0,1.0,0.0,1.0,0.0
33027,4,5,1,3,4,1,4,4,0,2,1,-1,3,4,1,0.4,0.05,Con,Con,Tie,Tie,3,0,0,3,0.0,0.0,0.3333333333333333,0.3333333333333333,0.3333333333333333,0.3333333333333333
33792,4,5,1,3,4,1,4,4,0,1,2,1,3,4,1,0.8,0.25,Con,Pro,Pro,Pro,2,2,0,0,-0.5,-1.0,-1.0,-1.0,-1.0,-1.0
33797,4,4,0,3,3,0,4,4,0,2,1,-1,3,3,0,-0.2,-0.1,Tie,Pro,Con,Con,13,4,6,3,0.0,0.15384615384615385,0.3076923076923077,0.15384615384615385,0.23076923076923078,-0.3076923076923077
33808,4,5,1,3,4,1,4,5,1,1,1,0,4,4,0,0.6,0.15,Con,Con,Con,Con,4,1,3,0,0.0,0.5,0.5,0.5,0.5,0.5
33826,4,5,1,3,3,0,4,4,0,1,2,1,3,4,1,0.6,0.2,Con,Pro,Tie,Pro,4,2,0,2,-0.25,-0.5,-0.75,0.0,-0.5,-0.75
33986,4,4,0,3,4,1,4,4,0,1,1,0,3,4,1,0.4,0.1,Tie,Pro,Pro,Pro,5,3,2,0,0.0,-0.2,-0.2,-0.2,-0.6,0.0
34106,4,5,1,3,4,1,3,4,1,1,2,1,4,3,-1,0.6,0.2,Con,Con,Tie,Pro,2,1,0,1,0.0,-0.5,0.0,0.0,0.0,0.0
34280,4,4,0,4,3,-1,4,4,0,2,1,-1,4,4,0,-0.4,-0.15,Tie,Tie,Tie,Con,6,1,2,3,0.0,0.16666666666666666,-0.16666666666666666,-0.3333333333333333,-0.16666666666666666,0.0
34281,4,3,-1,4,4,0,4,3,-1,2,1,-1,4,4,0,-0.6,-0.2,Pro,Con,Tie,Tie,5,0,0,5,0.0,0.0,-0.2,-0.2,0.2,0.0
34350,4,5,1,3,4,1,4,4,0,1,2,1,3,4,1,0.8,0.25,Con,Con,Tie,Con,7,1,3,3,0.142857,0.2857142857142857,-0.42857142857142855,0.42857142857142855,0.5714285714285714,0.2857142857142857
34363,5,5,0,4,4,0,4,4,0,1,2,1,4,5,1,0.4,0.15,Tie,Tie,Tie,Con,3,0,1,2,-0.333333,0.3333333333333333,0.0,0.0,-0.3333333333333333,0.0
34531,4,5,1,3,4,1,4,5,1,1,1,0,4,4,0,0.6,0.15,Con,Con,Con,Con,8,1,5,2,0.25,0.5,0.25,0.0,0.375,0.25
35164,4,4,0,4,4,0,4,3,-1,1,2,1,4,4,0,0.0,0.05,Tie,Tie,Tie,Tie,3,1,1,1,-0.333333,0.0,0.0,-0.3333333333333333,-0.3333333333333333,0.3333333333333333
35269,4,4,0,4,3,-1,4,3,-1,2,1,-1,3,2,-1,-0.8,-0.25,Pro,Con,Con,Con,13,3,10,0,0.076923,0.5384615384615384,0.23076923076923078,0.23076923076923078,0.5384615384615384,0.38461538461538464
35594,3,4,1,4,5,1,3,3,0,1,2,1,3,4,1,0.8,0.25,Con,Con,Tie,Con,4,0,2,2,0.5,0.5,-0.25,0.25,0.5,0.5
35962,5,4,-1,4,3,-1,5,3,-2,1,2,1,4,5,1,-0.4,-0.05,Pro,Pro,Tie,Tie,5,1,1,3,-0.2,0.0,0.0,-0.2,-1.0,-0.2
36119,5,3,-2,4,3,-1,4,2,-2,1,1,0,4,3,-1,-1.2,-0.3,Pro,Pro,Tie,Con,4,0,2,2,0.0,0.5,0.5,-0.5,0.25,0.25
36173,3,4,1,3,4,1,2,4,2,1,2,1,3,3,0,1.0,0.3,Con,Tie,Tie,Tie,9,0,0,9,0.0,0.0,0.0,0.0,-0.1111111111111111,0.0
36180,4,3,-1,4,3,-1,4,2,-2,2,1,-1,4,3,-1,-1.2,-0.35,Pro,Pro,Tie,Tie,2,0,0,2,0.0,0.0,0.0,0.0,0.0,0.0
36251,4,3,-1,4,3,-1,4,3,-1,1,1,0,4,4,0,-0.6,-0.15,Pro,Con,Tie,Pro,12,1,0,11,0.0,-0.08333333333333333,-0.08333333333333333,-0.08333333333333333,0.5,-0.08333333333333333
36381,5,5,0,4,3,-1,5,4,-1,1,1,0,5,5,0,-0.4,-0.1,Tie,Pro,Tie,Tie,5,2,2,1,0.0,0.0,0.2,0.2,-0.4,-0.2
36498,5,3,-2,5,3,-2,5,3,-2,2,1,-1,4,2,-2,-1.8,-0.5,Pro,Pro,Tie,Con,10,0,1,9,0.0,0.1,0.1,0.0,0.0,0.0
36559,4,4,0,4,4,0,4,4,0,1,1,0,4,3,-1,-0.2,-0.05,Tie,Pro,Tie,Tie,1,0,0,1,1.0,0.0,0.0,0.0,-1.0,0.0
36586,5,5,0,4,4,0,4,4,0,1,1,0,3,3,0,0.0,0.0,Tie,Pro,Tie,Pro,4,2,0,2,0.0,-0.5,0.0,0.0,-1.0,-0.5
36650,4,5,1,3,4,1,3,4,1,1,1,0,3,3,0,0.6,0.15,Con,Con,Tie,Tie,2,1,1,0,0.0,0.0,0.5,1.0,0.5,0.0
36767,5,4,-1,4,3,-1,4,4,0,2,2,0,4,3,-1,-0.6,-0.15,Pro,Con,Tie,Con,9,0,1,8,0.0,0.1111111111111111,0.1111111111111111,0.0,-0.1111111111111111,0.0
36793,3,5,2,2,4,2,2,5,3,1,2,1,3,3,0,1.6,0.45,Con,Con,Tie,Con,18,0,4,14,0.0,0.2222222222222222,0.2777777777777778,0.2777777777777778,0.6111111111111112,0.2777777777777778
36796,3,4,1,3,4,1,3,4,1,1,1,0,3,4,1,0.8,0.2,Con,Con,Con,Con,3,0,2,1,0.0,0.6666666666666666,0.0,0.0,1.0,0.0
36809,2,3,1,3,2,-1,2,2,0,1,1,0,3,3,0,0.0,0.0,Tie,Con,Tie,Tie,5,0,0,5,0.0,0.0,0.0,0.0,0.2,0.0
36824,4,4,0,3,4,1,4,4,0,1,2,1,3,4,1,0.6,0.2,Con,Pro,Tie,Pro,5,1,0,4,0.0,-0.2,0.0,-0.2,-0.6,-0.2
36835,5,5,0,4,4,0,4,4,0,2,1,-1,5,5,0,-0.2,-0.1,Tie,Con,Tie,Tie,4,2,2,0,0.0,0.0,0.0,0.0,0.0,0.25
36853,4,3,-1,4,2,-2,3,3,0,1,1,0,3,3,0,-0.6,-0.15,Pro,Con,Tie,Tie,13,0,0,13,0.0,0.0,0.0,0.0,0.38461538461538464,0.0
37779,3,4,1,2,4,2,3,4,1,1,1,0,2,3,1,1.0,0.25,Con,Pro,Tie,Tie,7,0,0,7,0.0,0.0,0.0,0.0,-0.14285714285714285,0.0
37834,4,4,0,4,3,-1,4,3,-1,1,1,0,4,4,0,-0.4,-0.1,Pro,Pro,Tie,Pro,12,2,1,9,-0.083333,-0.08333333333333333,0.0,-0.16666666666666666,-0.25,0.25
37876,4,4,0,3,3,0,4,3,-1,1,1,0,3,3,0,-0.2,-0.05,Tie,Tie,Tie,Tie,2,0,0,2,0.0,0.0,0.0,0.0,0.5,-1.0
37955,4,5,1,4,4,0,4,4,0,2,2,0,4,5,1,0.4,0.1,Tie,Pro,Pro,Pro,3,3,0,0,-0.333333,-1.0,0.0,0.0,-1.0,-1.0
37966,4,4,0,4,3,-1,4,3,-1,1,2,1,3,3,0,-0.2,0.0,Pro,Con,Con,Con,2,0,2,0,0.5,1.0,0.5,0.5,1.0,0.0
37979,4,5,1,3,4,1,4,4,0,2,1,-1,3,4,1,0.4,0.05,Con,Tie,Tie,Tie,4,1,1,2,0.0,0.0,0.0,-0.25,0.5,-0.75
37980,4,4,0,4,3,-1,4,3,-1,1,1,0,4,4,0,-0.4,-0.1,Pro,Tie,Tie,Pro,2,1,0,1,0.0,-0.5,0.0,-1.0,0.0,0.0
38094,3,3,0,3,4,1,2,3,1,1,1,0,3,4,1,0.6,0.15,Con,Tie,Tie,Con,2,0,1,1,0.5,0.5,0.0,0.0,0.0,0.0
38122,4,5,1,3,4,1,4,4,0,1,1,0,4,4,0,0.4,0.1,Tie,Con,Pro,Pro,10,5,3,2,-0.1,-0.2,-0.4,-0.3,0.1,-0.7
38216,3,4,1,3,4,1,2,4,2,1,2,1,3,4,1,1.2,0.35,Con,Con,Tie,Tie,6,0,0,6,0.0,0.0,-0.16666666666666666,-0.16666666666666666,0.3333333333333333,-0.16666666666666666
38337,3,5,2,3,4,1,2,5,3,2,1,-1,4,5,1,1.2,0.25,Con,Con,Tie,Pro,14,4,3,7,-0.071429,-0.07142857142857142,-0.07142857142857142,-0.07142857142857142,0.14285714285714285,-0.07142857142857142
38343,5,4,-1,4,3,-1,4,3,-1,1,2,1,4,3,-1,-0.6,-0.1,Pro,Con,Tie,Pro,14,3,2,9,-0.071429,-0.07142857142857142,0.07142857142857142,0.07142857142857142,0.14285714285714285,-0.07142857142857142
38790,4,3,-1,4,4,0,4,3,-1,1,1,0,4,4,0,-0.4,-0.1,Pro,Con,Tie,Pro,2,1,0,1,0.0,-0.5,0.5,0.0,1.0,0.0
38844,5,5,0,4,4,0,4,4,0,1,2,1,5,5,0,0.2,0.1,Tie,Con,Pro,Pro,3,2,0,1,0.0,-0.6666666666666666,0.6666666666666666,0.0,1.0,0.0
38878,4,4,0,4,4,0,4,3,-1,1,2,1,3,4,1,0.2,0.1,Tie,Con,Tie,Tie,8,0,0,8,0.0,0.0,0.0,0.0,1.0,0.0
38922,4,3,-1,4,3,-1,4,2,-2,1,1,0,3,2,-1,-1.0,-0.25,Pro,Pro,Tie,Con,7,0,2,5,0.142857,0.2857142857142857,0.2857142857142857,0.2857142857142857,-0.42857142857142855,0.2857142857142857
39076,4,5,1,4,4,0,4,4,0,1,2,1,4,5,1,0.6,0.2,Con,Pro,Pro,Pro,6,3,2,1,0.0,-0.16666666666666666,0.0,0.16666666666666666,-0.16666666666666666,-0.16666666666666666
39089,3,3,0,3,4,1,3,3,0,2,2,0,4,4,0,0.2,0.05,Con,Con,Tie,Tie,4,0,0,4,0.0,0.0,0.0,0.25,0.5,0.0
39102,4,3,-1,4,3,-1,4,2,-2,2,1,-1,4,3,-1,-1.2,-0.35,Pro,Con,Tie,Tie,8,1,1,6,0.0,0.0,0.25,0.25,0.0,0.25
39103,3,4,1,3,4,1,2,4,2,2,1,-1,3,3,0,0.6,0.1,Con,Con,Tie,Tie,8,1,1,6,0.0,0.0,0.25,0.25,0.75,0.25
39137,4,4,0,4,4,0,4,4,0,2,1,-1,4,4,0,-0.2,-0.1,Tie,Con,Con,Con,5,0,3,2,0.2,0.6,0.2,0.4,1.0,0.8
39200,3,4,1,3,4,1,2,4,2,1,1,0,3,3,0,0.8,0.2,Con,Con,Tie,Con,4,0,2,2,0.25,0.5,0.0,0.0,0.5,0.5
39202,4,5,1,4,3,-1,4,4,0,1,2,1,4,4,0,0.2,0.1,Con,Con,Con,Con,2,0,2,0,1.0,1.0,0.5,0.5,1.0,0.5
39206,4,5,1,4,4,0,3,4,1,2,2,0,4,5,1,0.6,0.15,Con,Pro,Tie,Tie,4,0,0,4,0.0,0.0,0.0,0.0,-0.5,0.0
39210,4,3,-1,3,3,0,4,3,-1,1,2,1,3,4,1,0.0,0.05,Pro,Con,Tie,Tie,2,0,0,2,0.0,0.0,0.0,0.0,0.0,0.0
39214,4,4,0,4,3,-1,3,3,0,1,1,0,3,4,1,0.0,0.0,Tie,Con,Tie,Tie,13,0,0,13,0.0,0.0,0.0,0.0,0.23076923076923078,0.0
39217,3,4,1,3,4,1,3,4,1,1,1,0,3,3,0,0.6,0.15,Con,Tie,Tie,Tie,9,0,0,9,0.0,0.0,0.1111111111111111,0.0,0.1111111111111111,0.0
39385,2,2,0,2,3,1,1,2,1,1,1,0,3,4,1,0.6,0.15,Con,Con,Tie,Tie,1,0,0,1,0.0,0.0,1.0,0.0,0.0,1.0
39434,3,3,0,2,3,1,3,3,0,1,1,0,2,3,1,0.4,0.1,Con,Pro,Pro,Pro,1,1,0,0,0.0,-1.0,0.0,0.0,-1.0,0.0
39714,2,5,3,3,4,1,1,4,3,1,2,1,3,3,0,1.6,0.45,Con,Con,Tie,Con,3,0,1,2,0.0,0.3333333333333333,1.0,0.3333333333333333,1.0,0.3333333333333333
39805,5,5,0,4,4,0,5,4,-1,1,2,1,4,3,-1,-0.2,0.0,Tie,Pro,Tie,Pro,3,1,0,2,0.0,-0.3333333333333333,0.6666666666666666,0.0,-1.0,0.0
39840,4,4,0,4,3,-1,4,3,-1,1,1,0,3,4,1,-0.2,-0.05,Pro,Pro,Tie,Tie,7,0,0,7,0.0,0.0,0.0,0.0,-0.42857142857142855,0.0
39881,4,5,1,4,4,0,4,3,-1,1,2,1,4,5,1,0.4,0.15,Con,Con,Tie,Tie,1,0,0,1,0.0,0.0,0.0,0.0,1.0,0.0
40067,4,3,-1,3,4,1,4,3,-1,1,2,1,2,4,2,0.4,0.15,Con,Con,Con,Con,5,1,3,1,0.0,0.4,-0.2,0.2,0.2,-0.2
40604,4,3,-1,4,3,-1,4,2,-2,1,1,0,4,3,-1,-1.0,-0.25,Pro,Con,Tie,Tie,20,0,0,20,0.0,0.0,0.0,0.0,0.6,0.0
40605,5,3,-2,4,3,-1,4,3,-1,2,1,-1,3,3,0,-1.0,-0.3,Pro,Pro,Tie,Tie,2,0,0,2,0.0,0.0,0.0,0.0,0.0,0.0
40620,4,4,0,3,4,1,3,4,1,1,2,1,4,4,0,0.6,0.2,Con,Tie,Tie,Tie,2,0,0,2,0.0,0.0,0.0,1.0,-0.5,0.5
40764,3,2,-1,4,3,-1,3,2,-1,2,1,-1,4,4,0,-0.8,-0.25,Pro,Pro,Tie,Tie,1,0,0,1,0.0,0.0,-1.0,0.0,-1.0,-1.0
40847,4,4,0,4,3,-1,4,4,0,1,1,0,4,4,0,-0.2,-0.05,Tie,Pro,Tie,Tie,11,0,0,11,0.0,0.0,0.0,0.0,-0.09090909090909091,0.0
40891,5,5,0,4,4,0,5,4,-1,1,1,0,4,5,1,0.0,0.0,Tie,Con,Con,Con,1,0,1,0,1.0,1.0,-1.0,0.0,1.0,0.0
40973,3,5,2,3,4,1,3,5,2,1,1,0,3,3,0,1.0,0.25,Con,Con,Con,Con,1,0,1,0,0.0,1.0,0.0,1.0,1.0,1.0
41087,4,5,1,3,5,2,3,4,1,2,1,-1,4,5,1,0.8,0.15,Con,Con,Pro,Pro,1,1,0,0,0.0,-1.0,0.0,0.0,1.0,0.0
41279,5,4,-1,4,3,-1,5,4,-1,2,1,-1,4,4,0,-0.8,-0.25,Pro,Con,Tie,Con,13,2,5,6,-0.076923,0.23076923076923078,0.38461538461538464,0.0,0.15384615384615385,-0.23076923076923078
41324,2,1,-1,3,1,-2,1,1,0,1,1,0,3,3,0,-0.6,-0.15,Pro,Tie,Tie,Pro,3,1,0,2,0.0,-0.3333333333333333,-1.0,0.0,0.0,0.0
41443,2,2,0,3,3,0,1,1,0,1,1,0,4,4,0,0.0,0.0,Tie,Pro,Tie,Con,5,0,2,3,0.0,0.4,-1.0,0.0,-0.8,-0.2
41495,4,4,0,4,3,-1,4,3,-1,1,1,0,3,3,0,-0.4,-0.1,Pro,Con,Tie,Con,3,0,1,2,0.0,0.3333333333333333,0.0,0.0,0.3333333333333333,0.3333333333333333
41510,4,4,0,4,3,-1,4,4,0,1,1,0,4,3,-1,-0.4,-0.1,Pro,Pro,Tie,Pro,6,3,0,3,0.0,-0.5,-0.5,0.16666666666666666,-0.16666666666666666,0.3333333333333333
41512,3,4,1,3,4,1,3,4,1,2,1,-1,3,3,0,0.4,0.05,Con,Con,Con,Con,4,1,2,1,0.25,0.25,1.0,1.0,1.0,1.0
41565,4,4,0,3,4,1,4,4,0,1,1,0,3,4,1,0.4,0.1,Con,Pro,Tie,Pro,5,1,0,4,-0.2,-0.2,0.0,-0.4,-0.6,-0.2
41573,4,5,1,4,4,0,4,5,1,1,1,0,3,4,1,0.6,0.15,Con,Con,Con,Con,1,0,1,0,1.0,1.0,1.0,1.0,1.0,1.0
41577,4,3,-1,4,3,-1,4,3,-1,1,1,0,3,4,1,-0.4,-0.1,Pro,Tie,Tie,Pro,13,4,2,7,0.0,-0.15384615384615385,0.7692307692307693,0.07692307692307693,-0.07692307692307693,0.07692307692307693
41586,4,5,1,4,4,0,4,5,1,1,2,1,4,4,0,0.6,0.2,Con,Pro,Pro,Pro,12,9,1,2,-0.083333,-0.6666666666666666,-0.08333333333333333,-0.4166666666666667,-0.5,-0.16666666666666666
41610,5,3,-2,4,3,-1,5,2,-3,1,2,1,5,5,0,-1.0,-0.2,Pro,Pro,Con,Con,1,0,1,0,0.0,1.0,0.0,0.0,-1.0,0.0
41614,3,4,1,3,4,1,3,4,1,1,2,1,2,3,1,1.0,0.3,Con,Tie,Tie,Tie,3,0,0,3,0.0,0.0,-0.3333333333333333,-0.3333333333333333,0.0,0.0
41615,2,5,3,2,5,3,1,4,3,1,1,0,3,4,1,2.0,0.5,Con,Con,Con,Con,7,0,6,1,0.0,0.8571428571428571,0.42857142857142855,0.42857142857142855,0.8571428571428571,0.42857142857142855
41632,3,4,1,3,4,1,3,4,1,2,1,-1,3,4,1,0.6,0.1,Con,Pro,Tie,Pro,2,1,0,1,0.0,-0.5,0.0,0.0,0.0,0.0
41638,5,4,-1,4,3,-1,5,3,-2,1,2,1,4,4,0,-0.6,-0.1,Pro,Pro,Pro,Pro,5,3,0,2,0.0,-0.6,0.0,0.0,0.0,0.2
41655,4,4,0,4,4,0,3,4,1,2,2,0,4,4,0,0.2,0.05,Con,Con,Tie,Tie,5,0,0,5,0.0,0.0,0.0,0.0,0.2,0.0
41683,4,5,1,4,4,0,4,4,0,1,2,1,4,5,1,0.6,0.2,Con,Con,Con,Con,5,2,3,0,-0.2,0.2,0.0,0.0,0.2,-0.2
41695,5,4,-1,4,4,0,4,3,-1,1,2,1,5,4,-1,-0.4,-0.05,Pro,Pro,Tie,Pro,3,1,0,2,0.0,-0.3333333333333333,-0.3333333333333333,-0.3333333333333333,-1.0,-0.3333333333333333
41696,3,4,1,3,4,1,2,4,2,1,1,0,3,4,1,1.0,0.25,Con,Con,Pro,Pro,2,2,0,0,0.0,-1.0,0.0,0.0,0.0,0.0
41714,3,4,1,2,4,2,2,4,2,1,1,0,2,3,1,1.2,0.3,Con,Con,Con,Con,36,16,17,3,0.055556,0.027777777777777776,0.25,0.4166666666666667,0.2777777777777778,0.3055555555555556
41719,4,4,0,4,3,-1,4,4,0,1,2,1,3,4,1,0.2,0.1,Con,Con,Tie,Pro,16,3,2,11,0.0,-0.0625,-0.0625,-0.125,-0.125,-0.125
41742,5,5,0,4,4,0,5,4,-1,2,2,0,4,3,-1,-0.4,-0.1,Pro,Pro,Pro,Pro,3,3,0,0,0.0,-1.0,0.0,0.0,-0.6666666666666666,0.0
41745,5,3,-2,4,3,-1,5,2,-3,1,2,1,3,3,0,-1.0,-0.2,Pro,Pro,Tie,Tie,1,0,0,1,-1.0,0.0,0.0,-1.0,0.0,1.0
41768,3,4,1,2,4,2,2,4,2,1,1,0,2,4,2,1.4,0.35,Con,Con,Con,Con,6,1,5,0,0.333333,0.6666666666666666,0.5,0.5,0.6666666666666666,0.6666666666666666
41782,3,4,1,3,4,1,3,4,1,1,1,0,4,4,0,0.6,0.15,Con,Pro,Tie,Tie,6,3,3,0,0.0,0.0,-0.3333333333333333,-0.16666666666666666,0.0,-0.16666666666666666
41854,4,5,1,3,4,1,3,4,1,2,1,-1,3,3,0,0.4,0.05,Con,Con,Tie,Con,7,1,3,3,0.285714,0.2857142857142857,0.14285714285714285,0.42857142857142855,0.8571428571428571,0.42857142857142855
41887,4,5,1,4,4,0,4,5,1,1,1,0,4,3,-1,0.2,0.05,Con,Pro,Pro,Pro,2,2,0,0,0.0,-1.0,0.0,0.0,-1.0,-0.5
41993,5,4,-1,4,3,-1,4,3,-1,1,1,0,4,4,0,-0.6,-0.15,Pro,Pro,Tie,Tie,2,0,0,2,0.0,0.0,-1.0,0.0,-1.0,0.0
42004,5,4,-1,4,3,-1,5,4,-1,1,1,0,3,3,0,-0.6,-0.15,Pro,Con,Con,Con,45,15,18,12,0.088889,0.06666666666666667,0.2,-0.022222222222222223,0.08888888888888889,-0.1111111111111111
42015,5,4,-1,3,3,0,4,4,0,2,1,-1,4,3,-1,-0.6,-0.2,Pro,Pro,Pro,Pro,15,7,4,4,0.0,-0.2,0.2,0.06666666666666667,0.0,0.06666666666666667
42016,5,3,-2,4,3,-1,5,3,-2,1,1,0,3,3,0,-1.0,-0.25,Pro,Pro,Pro,Pro,19,13,4,2,-0.052632,-0.47368421052631576,-0.3684210526315789,-0.10526315789473684,-0.47368421052631576,-0.7894736842105263
42030,5,5,0,4,4,0,4,4,0,1,2,1,4,3,-1,0.0,0.05,Con,Con,Con,Con,1,0,1,0,0.0,1.0,0.0,1.0,1.0,1.0
42042,4,4,0,3,3,0,4,3,-1,1,1,0,3,3,0,-0.2,-0.05,Pro,Con,Tie,Tie,4,1,1,2,0.25,0.0,-0.75,0.25,1.0,-0.25
42102,5,5,0,4,4,0,4,4,0,2,2,0,4,3,-1,-0.2,-0.05,Tie,Con,Tie,Tie,3,0,0,3,0.0,0.0,0.0,0.0,0.3333333333333333,0.0
42117,3,4,1,3,4,1,2,4,2,1,1,0,4,4,0,0.8,0.2,Con,Tie,Tie,Tie,3,0,0,3,0.0,0.0,0.6666666666666666,0.0,-0.3333333333333333,0.0
42138,5,4,-1,4,3,-1,4,3,-1,2,1,-1,4,3,-1,-1.0,-0.3,Pro,Con,Con,Con,10,3,6,1,0.0,0.3,0.1,-0.1,0.2,0.2
42142,5,5,0,4,4,0,4,4,0,2,1,-1,4,4,0,-0.2,-0.1,Tie,Con,Pro,Pro,3,2,1,0,0.0,-0.3333333333333333,-0.3333333333333333,-0.3333333333333333,-0.3333333333333333,0.0
42143,4,5,1,4,4,0,4,4,0,2,1,-1,4,4,0,0.0,-0.05,Tie,Con,Pro,Pro,6,3,2,1,-0.166667,-0.16666666666666666,0.16666666666666666,0.0,0.0,-0.3333333333333333
42547,2,5,3,2,4,2,1,4,3,1,1,0,3,3,0,1.6,0.4,Con,Con,Tie,Tie,2,0,0,2,0.0,0.0,1.0,0.0,1.0,0.0
42564,5,4,-1,4,3,-1,4,3,-1,2,1,-1,4,3,-1,-1.0,-0.3,Pro,Pro,Tie,Tie,8,0,0,8,0.0,0.0,0.0,0.0,-0.75,0.0
42585,4,5,1,4,4,0,4,4,0,2,1,-1,4,4,0,0.0,-0.05,Tie,Pro,Tie,Pro,6,1,0,5,0.0,-0.16666666666666666,0.0,0.16666666666666666,-0.6666666666666666,0.0
42588,4,4,0,4,4,0,4,3,-1,2,1,-1,4,4,0,-0.4,-0.15,Pro,Con,Tie,Tie,4,1,1,2,-0.25,0.0,0.0,0.25,0.5,-0.25
42592,4,3,-1,3,3,0,4,3,-1,1,2,1,3,3,0,-0.2,0.0,Pro,Con,Con,Con,4,0,3,1,0.0,0.75,0.25,0.75,0.5,0.75
42697,3,4,1,3,4,1,3,4,1,1,1,0,3,3,0,0.6,0.15,Con,Con,Tie,Tie,2,0,0,2,0.0,0.0,0.0,0.0,0.5,0.0
42700,4,4,0,3,4,1,4,4,0,1,1,0,3,4,1,0.4,0.1,Con,Con,Tie,Tie,2,1,1,0,0.5,0.0,0.0,1.0,0.0,-0.5
42709,4,3,-1,4,4,0,3,3,0,1,2,1,4,4,0,0.0,0.05,Con,Pro,Pro,Pro,5,4,1,0,0.0,-0.6,0.0,-0.2,-0.6,-0.4
42966,3,4,1,3,4,1,2,4,2,1,1,0,2,4,2,1.2,0.3,Con,Con,Tie,Tie,11,0,0,11,0.0,0.0,0.0,0.0,0.45454545454545453,0.0
43131,3,4,1,3,4,1,3,4,1,1,1,0,3,4,1,0.8,0.2,Con,Con,Tie,Con,2,0,1,1,-0.5,0.5,0.5,0.5,1.0,0.5
43490,3,4,1,3,4,1,3,4,1,1,2,1,3,4,1,1.0,0.3,Con,Pro,Tie,Tie,2,0,0,2,0.0,0.0,0.0,0.0,-1.0,0.0
43575,1,2,1,1,2,1,1,2,1,1,1,0,1,3,2,1.0,0.25,Con,Con,Tie,Tie,2,0,0,2,0.0,0.0,1.0,0.0,0.5,0.0
43621,4,4,0,4,3,-1,4,3,-1,1,1,0,4,4,0,-0.4,-0.1,Pro,Pro,Pro,Pro,7,5,0,2,-0.285714,-0.7142857142857143,0.0,-0.5714285714285714,-0.7142857142857143,-0.2857142857142857
43656,2,5,3,3,4,1,1,4,3,1,1,0,4,5,1,1.6,0.4,Con,Con,Tie,Pro,5,2,0,3,0.0,-0.4,0.6,0.2,1.0,0.4
43657,5,4,-1,4,3,-1,4,4,0,1,1,0,4,4,0,-0.4,-0.1,Pro,Pro,Tie,Pro,7,3,1,3,0.0,-0.2857142857142857,0.14285714285714285,0.0,0.0,0.14285714285714285
44080,4,4,0,4,3,-1,4,3,-1,2,1,-1,4,3,-1,-0.8,-0.25,Pro,Tie,Tie,Tie,3,0,0,3,0.0,0.0,0.0,0.0,0.3333333333333333,0.0
44273,4,3,-1,3,3,0,4,3,-1,2,1,-1,2,2,0,-0.6,-0.2,Pro,Pro,Tie,Pro,3,1,0,2,0.0,-0.3333333333333333,-0.3333333333333333,-0.3333333333333333,-1.0,-0.6666666666666666
44380,5,5,0,4,4,0,4,4,0,1,1,0,4,4,0,0.0,0.0,Tie,Con,Tie,Pro,11,3,2,6,0.090909,-0.09090909090909091,0.09090909090909091,0.0,0.0,0.09090909090909091
44558,4,4,0,4,3,-1,4,4,0,1,2,1,4,3,-1,-0.2,0.0,Tie,Con,Tie,Con,3,0,1,2,0.333333,0.3333333333333333,0.0,0.0,0.6666666666666666,0.6666666666666666
44698,3,2,-1,3,2,-1,2,1,-1,1,1,0,3,3,0,-0.6,-0.15,Pro,Pro,Tie,Tie,4,1,1,2,0.0,0.0,-1.0,0.0,-0.5,-0.25
44706,2,4,2,3,4,1,2,3,1,1,2,1,2,4,2,1.4,0.4,Con,Con,Con,Con,21,3,15,3,0.142857,0.5714285714285714,0.5238095238095238,0.8571428571428571,0.6666666666666666,0.7619047619047619
44717,5,4,-1,4,3,-1,4,4,0,1,1,0,3,3,0,-0.4,-0.1,Pro,Tie,Tie,Pro,11,2,1,8,0.0,-0.09090909090909091,0.09090909090909091,0.18181818181818182,-0.09090909090909091,0.18181818181818182
44718,4,4,0,4,3,-1,3,4,1,1,1,0,3,3,0,0.0,0.0,Con,Con,Tie,Tie,3,1,1,1,0.0,0.0,0.0,0.0,0.6666666666666666,0.0
44732,2,5,3,2,4,2,1,4,3,1,1,0,3,4,1,1.8,0.45,Con,Con,Con,Con,30,11,17,2,0.0,0.2,0.3,0.3,0.26666666666666666,0.13333333333333333
44750,4,4,0,3,4,1,3,4,1,1,1,0,4,4,0,0.4,0.1,Con,Pro,Pro,Pro,5,5,0,0,-0.2,-1.0,-0.4,-0.4,-0.8,-0.6
44797,4,4,0,4,3,-1,4,3,-1,1,1,0,3,4,1,-0.2,-0.05,Pro,Pro,Tie,Con,3,0,1,2,0.0,0.3333333333333333,-0.6666666666666666,-0.3333333333333333,-0.6666666666666666,-0.3333333333333333
44810,5,4,-1,4,4,0,5,3,-2,1,2,1,4,4,0,-0.4,-0.05,Pro,Tie,Tie,Pro,4,1,0,3,0.0,-0.25,0.0,-0.25,0.5,-0.25
45003,3,2,-1,4,2,-2,3,2,-1,1,1,0,3,2,-1,-1.0,-0.25,Pro,Pro,Tie,Con,8,2,3,3,0.0,0.125,-0.375,0.0,0.0,-0.125
45218,4,5,1,4,4,0,4,5,1,1,2,1,3,4,1,0.8,0.25,Con,Con,Pro,Pro,12,6,4,2,0.0,-0.16666666666666666,-0.08333333333333333,-0.08333333333333333,0.0,-0.16666666666666666
45262,4,4,0,3,3,0,4,4,0,1,1,0,3,3,0,0.0,0.0,Tie,Con,Tie,Tie,16,7,7,2,0.0,0.0,0.4375,0.375,0.4375,0.125
45263,5,5,0,4,4,0,5,4,-1,1,2,1,4,4,0,0.0,0.05,Tie,Pro,Tie,Pro,8,3,2,3,0.125,-0.125,0.0,-0.25,0.0,-0.125
45323,4,4,0,4,3,-1,4,3,-1,2,1,-1,3,3,0,-0.6,-0.2,Pro,Pro,Tie,Tie,10,0,0,10,0.0,0.0,0.0,0.0,0.0,0.0
45512,3,4,1,3,4,1,2,4,2,1,1,0,3,3,0,0.8,0.2,Con,Tie,Tie,Con,2,0,1,1,0.0,0.5,1.0,0.5,1.0,0.5
45522,5,4,-1,3,4,1,4,4,0,2,1,-1,3,4,1,0.0,-0.05,Tie,Pro,Tie,Con,11,1,2,8,-0.090909,0.09090909090909091,0.09090909090909091,0.09090909090909091,-0.2727272727272727,0.0
45868,4,5,1,3,4,1,3,5,2,1,1,0,3,4,1,1.0,0.25,Con,Con,Tie,Con,2,0,1,1,0.0,0.5,0.5,0.0,1.0,1.0
45875,1,5,4,1,4,3,1,3,2,1,1,0,3,3,0,1.8,0.45,Con,Con,Con,Con,2,0,2,0,0.0,1.0,1.0,0.5,1.0,1.0
46671,5,5,0,4,4,0,5,4,-1,1,1,0,4,4,0,-0.2,-0.05,Tie,Con,Con,Con,4,1,2,1,0.0,0.25,0.0,0.0,0.5,0.25
46853,4,5,1,3,3,0,4,4,0,1,1,0,4,4,0,0.2,0.05,Con,Con,Pro,Pro,1,1,0,0,0.0,-1.0,0.0,-1.0,-1.0,0.0
46864,5,4,-1,4,3,-1,5,3,-2,1,2,1,4,4,0,-0.6,-0.1,Pro,Pro,Tie,Pro,8,3,2,3,0.0,-0.125,0.125,0.125,-0.5,-0.125
46881,5,5,0,4,4,0,5,4,-1,2,1,-1,5,3,-2,-0.8,-0.25,Pro,Pro,Tie,Pro,4,1,0,3,-0.25,-0.25,0.0,-0.25,0.0,0.0
47073,2,4,2,3,4,1,1,3,2,1,1,0,3,4,1,1.2,0.3,Con,Con,Tie,Tie,5,2,2,1,0.0,0.0,0.6,0.2,1.0,0.4
47385,5,5,0,4,4,0,4,5,1,2,1,-1,4,4,0,0.0,-0.05,Tie,Pro,Pro,Pro,1,1,0,0,0.0,-1.0,-1.0,-1.0,-1.0,-1.0
47502,4,3,-1,4,3,-1,4,3,-1,2,1,-1,4,3,-1,-1.0,-0.3,Pro,Pro,Tie,Con,8,0,1,7,0.0,0.125,0.0,0.0,-0.75,0.125
47503,4,4,0,4,3,-1,4,4,0,2,1,-1,3,4,1,-0.2,-0.1,Tie,Pro,Tie,Tie,9,0,0,9,0.0,0.0,0.0,0.0,0.1111111111111111,0.0
47560,4,4,0,4,4,0,4,4,0,1,2,1,4,4,0,0.2,0.1,Con,Pro,Tie,Con,3,0,1,2,0.0,0.3333333333333333,-0.3333333333333333,0.0,-0.3333333333333333,-0.6666666666666666
47615,4,5,1,3,4,1,3,4,1,1,2,1,3,4,1,1.0,0.3,Con,Con,Tie,Con,2,0,1,1,0.0,0.5,1.0,0.0,0.5,0.0
47638,3,5,2,2,4,2,2,4,2,1,2,1,3,4,1,1.6,0.45,Con,Pro,Pro,Pro,4,4,0,0,0.0,-1.0,0.0,0.0,-1.0,-0.75
47641,4,4,0,3,4,1,3,4,1,1,1,0,3,4,1,0.6,0.15,Con,Tie,Tie,Tie,1,0,0,1,0.0,0.0,0.0,0.0,0.0,1.0
47684,4,4,0,4,3,-1,4,3,-1,2,1,-1,3,3,0,-0.6,-0.2,Pro,Pro,Con,Con,6,2,4,0,-0.333333,0.3333333333333333,0.16666666666666666,0.16666666666666666,0.0,0.3333333333333333
47685,4,5,1,3,4,1,4,5,1,1,1,0,3,4,1,0.8,0.2,Con,Con,Con,Con,6,0,5,1,0.0,0.8333333333333334,0.3333333333333333,0.3333333333333333,0.3333333333333333,0.5
47695,3,5,2,3,4,1,2,4,2,1,1,0,3,4,1,1.2,0.3,Con,Con,Pro,Pro,1,1,0,0,0.0,-1.0,0.0,0.0,-1.0,-1.0
47710,5,5,0,4,4,0,4,4,0,2,2,0,3,4,1,0.2,0.05,Tie,Pro,Pro,Pro,6,3,1,2,0.0,-0.3333333333333333,-0.3333333333333333,-0.16666666666666666,-0.16666666666666666,0.16666666666666666
47794,4,5,1,3,4,1,3,4,1,1,1,0,3,4,1,0.8,0.2,Con,Con,Con,Con,6,1,3,2,0.0,0.3333333333333333,0.3333333333333333,0.5,-0.16666666666666666,0.16666666666666666
47798,4,4,0,4,3,-1,4,4,0,1,1,0,4,3,-1,-0.4,-0.1,Pro,Con,Tie,Con,2,0,1,1,0.0,0.5,-0.5,0.0,1.0,0.5
47857,4,4,0,3,4,1,4,3,-1,2,1,-1,4,4,0,-0.2,-0.1,Pro,Pro,Tie,Con,3,0,1,2,0.0,0.3333333333333333,0.0,0.0,-0.3333333333333333,0.3333333333333333
47876,4,5,1,3,4,1,4,4,0,1,2,1,3,4,1,0.8,0.25,Con,Con,Con,Con,7,2,4,1,0.142857,0.2857142857142857,0.42857142857142855,0.42857142857142855,0.42857142857142855,0.5714285714285714
47882,4,5,1,3,4,1,3,4,1,2,1,-1,4,4,0,0.4,0.05,Con,Con,Con,Con,3,0,3,0,0.0,1.0,1.0,0.3333333333333333,1.0,0.6666666666666666
47931,3,4,1,3,4,1,2,4,2,2,1,-1,3,3,0,0.6,0.1,Con,Con,Tie,Tie,2,0,0,2,0.0,0.0,-0.5,0.0,0.5,0.0
47945,5,4,-1,4,3,-1,4,3,-1,1,1,0,4,2,-2,-1.0,-0.25,Pro,Pro,Tie,Tie,5,1,1,3,0.0,0.0,0.0,0.2,0.2,1.0
47946,4,4,0,4,3,-1,3,4,1,1,1,0,3,3,0,0.0,0.0,Tie,Tie,Con,Con,2,0,2,0,0.0,1.0,0.5,0.0,-1.0,-1.0
48069,3,4,1,3,4,1,3,4,1,1,2,1,4,5,1,1.0,0.3,Con,Con,Tie,Tie,1,0,0,1,0.0,0.0,0.0,1.0,1.0,0.0
48078,5,5,0,4,4,0,4,4,0,2,2,0,4,4,0,0.0,0.0,Tie,Con,Con,Con,14,5,8,1,-0.071429,0.21428571428571427,0.0,0.14285714285714285,0.2857142857142857,0.35714285714285715
48126,4,5,1,3,4,1,3,4,1,1,2,1,3,3,0,0.8,0.25,Con,Con,Con,Con,5,2,3,0,0.4,0.2,-0.2,-0.4,0.0,-0.4
48132,4,4,0,3,3,0,4,4,0,1,1,0,4,4,0,0.0,0.0,Tie,Con,Tie,Con,2,0,1,1,0.0,0.5,0.5,-0.5,1.0,0.0
48140,4,5,1,3,4,1,3,5,2,1,1,0,4,4,0,0.8,0.2,Con,Pro,Tie,Con,3,0,1,2,0.0,0.3333333333333333,0.3333333333333333,0.3333333333333333,0.3333333333333333,0.3333333333333333
48166,3,4,1,3,4,1,3,4,1,1,1,0,3,4,1,0.8,0.2,Con,Tie,Tie,Tie,4,1,1,2,0.25,0.0,-0.25,0.5,0.0,0.25
48281,2,3,1,3,2,-1,2,3,1,1,2,1,4,4,0,0.4,0.15,Con,Pro,Con,Con,1,0,1,0,0.0,1.0,0.0,0.0,-1.0,0.0
48288,5,5,0,4,3,-1,4,4,0,2,1,-1,4,3,-1,-0.6,-0.2,Tie,Tie,Tie,Pro,6,2,1,3,0.0,-0.16666666666666666,0.3333333333333333,0.16666666666666666,0.16666666666666666,0.0
48293,4,4,0,3,4,1,4,3,-1,2,1,-1,3,4,1,0.0,-0.05,Tie,Pro,Tie,Tie,9,2,2,5,0.0,0.0,-0.4444444444444444,-0.1111111111111111,-0.5555555555555556,-0.2222222222222222
48307,4,4,0,4,4,0,4,4,0,1,2,1,4,4,0,0.2,0.1,Con,Pro,Pro,Pro,5,4,0,1,-0.6,-0.8,0.0,0.2,-0.8,0.0
48327,4,1,-3,4,1,-3,3,1,-2,2,1,-1,3,3,0,-1.8,-0.5,Pro,Pro,Tie,Tie,3,0,0,3,-0.333333,0.0,-1.0,0.0,-1.0,-0.3333333333333333
48331,4,5,1,4,4,0,3,4,1,1,2,1,4,4,0,0.6,0.2,Con,Pro,Tie,Con,2,0,1,1,0.0,0.5,-1.0,0.5,-1.0,0.0
48332,4,4,0,3,4,1,4,4,0,1,2,1,3,4,1,0.6,0.2,Con,Pro,Pro,Pro,7,4,1,2,-0.142857,-0.42857142857142855,0.0,0.0,-0.42857142857142855,-0.2857142857142857
48376,4,5,1,3,4,1,3,5,2,2,1,-1,3,4,1,0.8,0.15,Con,Pro,Tie,Con,12,1,3,8,0.166667,0.16666666666666666,0.16666666666666666,0.08333333333333333,-0.08333333333333333,0.08333333333333333
48396,4,5,1,3,4,1,3,4,1,1,1,0,3,4,1,0.8,0.2,Con,Pro,Tie,Con,5,0,1,4,0.0,0.2,0.0,0.0,-0.4,0.6
48417,3,4,1,3,4,1,3,4,1,1,2,1,3,4,1,1.0,0.3,Con,Con,Con,Con,1,0,1,0,0.0,1.0,0.0,0.0,1.0,0.0
48424,4,3,-1,4,3,-1,4,3,-1,2,1,-1,4,3,-1,-1.0,-0.3,Pro,Con,Con,Con,7,2,3,2,0.285714,0.14285714285714285,0.42857142857142855,0.14285714285714285,0.42857142857142855,0.14285714285714285
48462,5,4,-1,4,2,-2,4,3,-1,1,1,0,3,2,-1,-1.0,-0.25,Pro,Pro,Tie,Con,2,0,1,1,0.0,0.5,-1.0,-0.5,-1.0,-1.0
48541,4,5,1,4,4,0,3,4,1,1,1,0,5,5,0,0.4,0.1,Con,Con,Con,Con,5,1,4,0,0.4,0.6,0.0,-0.2,0.4,0.4
48574,5,4,-1,4,3,-1,5,3,-2,2,1,-1,4,4,0,-1.0,-0.3,Pro,Tie,Con,Con,3,0,2,1,0.333333,0.6666666666666666,0.3333333333333333,0.3333333333333333,-0.3333333333333333,0.3333333333333333
48601,5,4,-1,4,4,0,5,3,-2,2,2,0,4,5,1,-0.4,-0.1,Pro,Pro,Tie,Con,16,0,2,14,0.0,0.125,0.125,0.125,0.25,0.1875
48660,4,5,1,4,4,0,4,4,0,1,2,1,4,5,1,0.6,0.2,Con,Tie,Tie,Tie,2,1,1,0,0.5,0.0,-0.5,-0.5,0.0,-0.5
48784,4,4,0,3,4,1,3,4,1,1,2,1,3,4,1,0.8,0.25,Con,Pro,Pro,Pro,5,3,0,2,0.0,-0.6,-0.2,-0.2,-0.8,-0.8
48821,4,5,1,3,4,1,4,4,0,2,1,-1,3,4,1,0.4,0.05,Con,Con,Con,Con,1,0,1,0,0.0,1.0,1.0,0.0,1.0,0.0
48832,1,4,3,1,4,3,1,3,2,1,1,0,3,4,1,1.8,0.45,Con,Con,Con,Con,3,0,3,0,0.0,1.0,1.0,1.0,1.0,1.0
48835,3,3,0,3,4,1,2,3,1,1,1,0,3,4,1,0.6,0.15,Con,Con,Tie,Con,4,0,2,2,0.25,0.5,0.0,0.5,1.0,0.25
48836,5,5,0,3,4,1,4,4,0,1,1,0,3,4,1,0.4,0.1,Tie,Pro,Tie,Pro,4,1,0,3,-0.25,-0.25,0.5,0.5,-0.5,-0.5
48874,4,5,1,3,4,1,4,5,1,2,1,-1,4,4,0,0.4,0.05,Con,Tie,Tie,Tie,2,0,0,2,0.0,0.0,0.0,0.5,0.5,0.0
48875,5,2,-3,4,2,-2,5,1,-4,2,1,-1,4,3,-1,-2.2,-0.6,Pro,Con,Tie,Tie,1,0,0,1,0.0,0.0,0.0,0.0,1.0,0.0
48889,4,5,1,3,4,1,4,5,1,1,1,0,4,4,0,0.6,0.15,Con,Con,Tie,Tie,6,1,1,4,0.0,0.0,-0.16666666666666666,0.0,0.0,-0.16666666666666666
48895,4,4,0,3,3,0,3,4,1,1,1,0,3,3,0,0.2,0.05,Con,Pro,Tie,Tie,2,0,0,2,0.0,0.0,0.0,0.0,-1.0,0.0
48899,5,4,-1,4,3,-1,5,3,-2,1,1,0,3,4,1,-0.6,-0.15,Pro,Pro,Tie,Pro,5,2,1,2,-0.2,-0.2,-0.6,0.0,-1.0,-0.2
48918,4,5,1,3,4,1,3,4,1,1,1,0,4,3,-1,0.4,0.1,Con,Con,Con,Con,1,0,1,0,0.0,1.0,1.0,1.0,1.0,1.0
48919,4,4,0,4,3,-1,4,4,0,1,2,1,4,4,0,0.0,0.05,Con,Con,Con,Con,3,0,3,0,0.333333,1.0,1.0,1.0,1.0,1.0
48923,1,5,4,1,4,3,1,4,3,1,2,1,3,4,1,2.4,0.65,Con,Con,Tie,Con,2,0,1,1,0.5,0.5,1.0,0.0,1.0,1.0
48958,5,5,0,4,4,0,5,4,-1,2,1,-1,5,4,-1,-0.6,-0.2,Pro,Pro,Tie,Tie,3,1,1,1,0.0,0.0,-0.3333333333333333,-0.6666666666666666,-0.3333333333333333,0.0
48966,4,5,1,4,4,0,3,4,1,1,1,0,4,4,0,0.4,0.1,Con,Con,Tie,Con,3,0,1,2,0.0,0.3333333333333333,0.3333333333333333,0.3333333333333333,0.3333333333333333,0.3333333333333333
48984,5,4,-1,4,3,-1,5,4,-1,2,1,-1,3,4,1,-0.6,-0.2,Pro,Tie,Con,Con,3,0,2,1,0.0,0.6666666666666666,0.3333333333333333,-0.3333333333333333,0.0,0.3333333333333333
49001,5,4,-1,4,3,-1,5,3,-2,1,1,0,4,3,-1,-1.0,-0.25,Pro,Tie,Con,Con,6,0,4,2,0.0,0.6666666666666666,0.0,-0.16666666666666666,0.16666666666666666,-0.16666666666666666
49005,3,5,2,4,5,1,2,4,2,2,2,0,5,5,0,1.0,0.25,Con,Pro,Pro,Pro,4,2,1,1,0.0,-0.25,-0.5,-0.25,-0.5,-0.5
49007,5,5,0,4,4,0,4,5,1,1,2,1,4,4,0,0.4,0.15,Con,Con,Tie,Tie,1,0,0,1,1.0,0.0,0.0,0.0,1.0,0.0
49012,4,3,-1,4,3,-1,4,3,-1,2,1,-1,4,4,0,-0.8,-0.25,Pro,Con,Tie,Tie,4,0,0,4,0.0,0.0,0.0,0.0,0.0,0.0
49028,5,5,0,4,4,0,5,4,-1,1,1,0,3,4,1,0.0,0.0,Tie,Con,Pro,Pro,4,2,1,1,-0.25,-0.25,-0.25,-0.25,0.0,0.0
49169,4,1,-3,4,1,-3,3,1,-2,1,1,0,3,3,0,-1.6,-0.4,Pro,Tie,Con,Con,1,0,1,0,0.0,1.0,0.0,0.0,0.0,0.0
49357,4,4,0,4,4,0,4,4,0,2,2,0,5,5,0,0.0,0.0,Tie,Pro,Tie,Pro,6,1,0,5,0.0,-0.16666666666666666,0.0,-0.16666666666666666,-0.6666666666666666,-0.16666666666666666
49501,5,5,0,3,4,1,4,4,0,2,2,0,4,5,1,0.4,0.1,Tie,Tie,Tie,Tie,1,0,0,1,0.0,0.0,-1.0,-1.0,0.0,0.0
49503,4,4,0,3,4,1,3,3,0,1,2,1,2,3,1,0.6,0.2,Con,Con,Tie,Con,3,0,1,2,0.0,0.3333333333333333,0.3333333333333333,0.0,0.3333333333333333,0.3333333333333333
49604,4,5,1,3,4,1,3,4,1,1,1,0,3,4,1,0.8,0.2,Con,Con,Tie,Tie,4,1,1,2,0.0,0.0,0.5,0.0,0.25,0.0
49605,4,5,1,3,5,2,4,4,0,1,2,1,4,4,0,0.8,0.25,Con,Pro,Tie,Tie,2,0,0,2,0.0,0.0,0.0,0.0,-1.0,0.0
49843,4,5,1,3,4,1,3,4,1,2,1,-1,3,3,0,0.4,0.05,Con,Con,Tie,Con,4,0,1,3,0.0,0.25,0.5,0.25,0.75,0.75
49848,5,4,-1,5,4,-1,5,3,-2,2,2,0,5,5,0,-0.8,-0.2,Pro,Pro,Tie,Tie,1,0,0,1,0.0,0.0,0.0,0.0,1.0,0.0
49852,5,4,-1,4,4,0,4,4,0,1,2,1,4,4,0,0.0,0.05,Tie,Con,Con,Con,33,10,12,11,0.030303,0.06060606060606061,0.15151515151515152,0.15151515151515152,0.30303030303030304,0.18181818181818182
49944,4,3,-1,3,3,0,4,2,-2,1,1,0,3,3,0,-0.6,-0.15,Pro,Pro,Pro,Pro,3,2,0,1,0.0,-0.6666666666666666,-0.6666666666666666,-0.6666666666666666,-1.0,-0.3333333333333333
49981,5,4,-1,4,3,-1,5,3,-2,2,2,0,4,3,-1,-1.0,-0.25,Pro,Con,Tie,Tie,2,0,0,2,0.0,0.0,0.0,0.0,0.0,0.0
50044,4,3,-1,3,3,0,4,2,-2,2,1,-1,3,3,0,-0.8,-0.25,Pro,Con,Con,Con,4,0,3,1,0.0,0.75,0.5,1.0,0.5,0.5
50045,5,4,-1,4,3,-1,5,3,-2,2,1,-1,4,2,-2,-1.4,-0.4,Pro,Pro,Con,Con,30,10,18,2,-0.2,0.26666666666666666,0.13333333333333333,0.16666666666666666,-0.26666666666666666,0.13333333333333333
50794,5,5,0,3,4,1,4,4,0,1,2,1,4,4,0,0.4,0.15,Tie,Pro,Pro,Pro,14,7,3,4,0.071429,-0.2857142857142857,0.14285714285714285,-0.21428571428571427,-0.07142857142857142,-0.21428571428571427
51350,3,5,2,3,4,1,2,4,2,2,1,-1,3,3,0,0.8,0.15,Con,Con,Con,Con,3,1,2,0,0.0,0.3333333333333333,0.6666666666666666,0.3333333333333333,1.0,0.3333333333333333
51396,3,2,-1,4,2,-2,3,1,-2,2,1,-1,3,3,0,-1.2,-0.35,Pro,Pro,Tie,Con,3,0,1,2,0.0,0.3333333333333333,-1.0,-0.3333333333333333,-0.6666666666666666,-0.6666666666666666
51667,4,4,0,4,3,-1,4,3,-1,1,1,0,4,3,-1,-0.6,-0.15,Pro,Con,Con,Con,3,0,3,0,0.0,1.0,0.3333333333333333,1.0,1.0,1.0
51680,3,3,0,3,3,0,3,3,0,2,1,-1,3,4,1,0.0,-0.05,Tie,Con,Con,Con,1,0,1,0,0.0,1.0,0.0,1.0,1.0,1.0
52888,3,3,0,3,3,0,2,3,1,1,1,0,3,3,0,0.2,0.05,Tie,Pro,Tie,Tie,3,1,1,1,0.0,0.0,-0.3333333333333333,0.0,-0.3333333333333333,0.0
53011,3,4,1,3,3,0,3,4,1,2,1,-1,3,4,1,0.4,0.05,Con,Con,Con,Con,5,1,3,1,0.2,0.4,-0.2,0.4,0.4,0.4
53300,5,3,-2,4,3,-1,4,3,-1,2,1,-1,5,4,-1,-1.2,-0.35,Pro,Con,Tie,Tie,1,0,0,1,0.0,0.0,0.0,0.0,1.0,0.0
53542,4,4,0,3,4,1,4,3,-1,1,2,1,3,4,1,0.4,0.15,Con,Pro,Pro,Pro,1,1,0,0,0.0,-1.0,0.0,0.0,-1.0,0.0
53614,4,3,-1,4,3,-1,4,2,-2,1,1,0,3,3,0,-0.8,-0.2,Pro,Con,Tie,Pro,7,2,1,4,0.0,-0.14285714285714285,0.0,-0.14285714285714285,0.2857142857142857,0.0
53625,4,5,1,4,5,1,3,4,1,2,2,0,4,5,1,0.8,0.2,Con,Con,Tie,Tie,2,0,0,2,0.0,0.0,0.0,0.0,1.0,0.0
54124,4,4,0,4,3,-1,3,3,0,2,2,0,5,4,-1,-0.4,-0.1,Pro,Pro,Pro,Pro,3,3,0,0,0.0,-1.0,-0.3333333333333333,0.0,-0.6666666666666666,-0.3333333333333333
54224,4,4,0,4,4,0,4,3,-1,2,1,-1,4,4,0,-0.4,-0.15,Pro,Pro,Tie,Tie,7,0,0,7,0.0,0.0,0.0,0.0,0.42857142857142855,0.0
54729,5,4,-1,4,3,-1,5,3,-2,2,2,0,5,4,-1,-1.0,-0.25,Pro,Con,Tie,Tie,3,0,0,3,0.0,0.0,0.0,0.0,0.3333333333333333,0.0
54927,3,4,1,3,4,1,2,4,2,1,1,0,4,4,0,0.8,0.2,Con,Tie,Tie,Con,3,0,1,2,0.0,0.3333333333333333,0.0,0.0,0.0,0.0
54946,3,4,1,3,4,1,2,4,2,1,1,0,4,5,1,1.0,0.25,Con,Con,Tie,Tie,2,0,0,2,0.0,0.0,-0.5,0.0,1.0,0.5
54954,4,4,0,3,4,1,4,3,-1,1,1,0,3,4,1,0.2,0.05,Tie,Pro,Pro,Pro,4,3,0,1,-0.25,-0.75,-0.25,-1.0,-1.0,-1.0
55047,2,4,2,2,4,2,1,4,3,1,1,0,3,3,0,1.4,0.35,Con,Con,Tie,Pro,3,1,0,2,0.0,-0.3333333333333333,0.0,0.0,1.0,1.0
55203,5,4,-1,4,3,-1,4,3,-1,1,2,1,3,3,0,-0.4,-0.05,Con,Pro,Tie,Tie,2,1,1,0,0.0,0.0,-0.5,0.0,-1.0,0.0
56447,4,4,0,3,3,0,3,4,1,1,1,0,3,4,1,0.4,0.1,Con,Pro,Tie,Con,3,0,1,2,0.0,0.3333333333333333,0.3333333333333333,-1.0,-0.3333333333333333,0.3333333333333333
56895,4,4,0,4,4,0,4,3,-1,2,2,0,4,5,1,0.0,0.0,Tie,Pro,Con,Con,3,0,2,1,0.0,0.6666666666666666,0.0,0.0,-0.3333333333333333,0.0
56957,3,4,1,3,4,1,3,4,1,2,1,-1,2,3,1,0.6,0.1,Con,Con,Con,Con,11,0,7,4,0.090909,0.6363636363636364,0.2727272727272727,0.0,1.0,0.9090909090909091
56970,4,4,0,4,4,0,4,3,-1,2,2,0,2,4,2,0.2,0.05,Con,Pro,Tie,Con,3,0,1,2,0.0,0.3333333333333333,1.0,0.3333333333333333,-0.6666666666666666,0.0
56999,4,5,1,3,4,1,4,4,0,2,2,0,4,4,0,0.4,0.1,Con,Tie,Tie,Tie,2,1,1,0,0.0,0.0,0.0,0.0,0.0,0.0
57003,3,4,1,3,2,-1,3,4,1,2,1,-1,4,4,0,0.0,-0.05,Con,Con,Tie,Tie,2,0,0,2,0.0,0.0,0.0,0.0,0.0,0.0
57064,3,3,0,3,3,0,3,2,-1,1,1,0,3,3,0,-0.2,-0.05,Tie,Tie,Tie,Tie,1,0,0,1,0.0,0.0,-1.0,-1.0,0.0,1.0
57109,4,4,0,3,3,0,4,3,-1,1,1,0,3,3,0,-0.2,-0.05,Tie,Pro,Pro,Pro,8,5,1,2,-0.125,-0.5,-0.25,-0.125,-0.25,-0.25
57811,3,5,2,3,4,1,3,5,2,2,2,0,4,4,0,1.0,0.25,Con,Pro,Tie,Pro,13,5,3,5,0.076923,-0.15384615384615385,0.07692307692307693,0.0,-0.46153846153846156,-0.15384615384615385
58216,2,3,1,2,4,2,1,3,2,1,1,0,3,4,1,1.2,0.3,Con,Tie,Tie,Tie,3,0,0,3,0.0,0.0,1.0,0.3333333333333333,0.3333333333333333,0.3333333333333333
58229,5,4,-1,4,4,0,5,3,-2,2,1,-1,4,2,-2,-1.2,-0.35,Pro,Pro,Pro,Pro,1,1,0,0,0.0,-1.0,-1.0,0.0,1.0,0.0
58267,3,4,1,3,3,0,3,4,1,1,1,0,3,3,0,0.4,0.1,Con,Con,Tie,Tie,5,2,2,1,0.2,0.0,0.2,0.2,0.2,-0.2
58932,4,4,0,4,4,0,4,3,-1,2,1,-1,4,5,1,-0.2,-0.1,Pro,Con,Con,Con,8,2,6,0,0.125,0.5,0.25,0.25,0.375,0.375
59036,4,4,0,4,3,-1,4,3,-1,1,2,1,3,4,1,0.0,0.05,Tie,Pro,Pro,Pro,10,5,4,1,0.0,-0.1,0.2,0.3,-0.1,0.1
59125,4,4,0,3,4,1,4,3,-1,1,2,1,3,3,0,0.2,0.1,Con,Pro,Tie,Con,9,0,1,8,0.0,0.1111111111111111,0.2222222222222222,0.2222222222222222,-0.3333333333333333,0.2222222222222222
59163,5,4,-1,4,3,-1,4,3,-1,1,1,0,4,3,-1,-0.8,-0.2,Pro,Pro,Tie,Tie,2,0,0,2,0.0,0.0,0.5,-0.5,0.0,0.0
59185,3,5,2,3,4,1,3,4,1,1,1,0,4,4,0,0.8,0.2,Con,Con,Con,Con,2,0,2,0,0.0,1.0,-0.5,0.0,0.5,0.0
59208,4,5,1,3,4,1,4,4,0,1,2,1,4,4,0,0.6,0.2,Con,Con,Con,Con,7,1,4,2,0.0,0.42857142857142855,0.14285714285714285,-0.14285714285714285,0.2857142857142857,0.5714285714285714
59235,4,3,-1,4,3,-1,4,3,-1,2,1,-1,4,3,-1,-1.0,-0.3,Pro,Pro,Tie,Con,2,0,1,1,0.0,0.5,0.0,0.0,0.0,0.0
59241,3,5,2,3,4,1,3,4,1,1,2,1,2,4,2,1.4,0.4,Con,Pro,Tie,Tie,16,0,0,16,0.0,0.0,-0.0625,-0.0625,-0.5,-0.0625
59309,4,4,0,4,3,-1,4,3,-1,2,1,-1,3,3,0,-0.6,-0.2,Pro,Con,Tie,Con,3,0,1,2,0.0,0.3333333333333333,0.3333333333333333,0.3333333333333333,1.0,0.3333333333333333
59533,2,5,3,3,4,1,1,4,3,1,1,0,3,4,1,1.6,0.4,Con,Tie,Tie,Tie,2,0,0,2,0.0,0.0,1.0,0.0,0.5,0.0
59649,4,5,1,3,3,0,4,5,1,1,2,1,3,4,1,0.8,0.25,Con,Tie,Tie,Con,15,4,5,6,0.066667,0.06666666666666667,0.06666666666666667,0.06666666666666667,0.06666666666666667,0.06666666666666667
59713,4,5,1,3,4,1,4,5,1,1,2,1,4,3,-1,0.6,0.2,Con,Con,Tie,Tie,1,0,0,1,0.0,0.0,0.0,1.0,1.0,0.0
59991,4,4,0,4,3,-1,4,3,-1,1,1,0,3,4,1,-0.2,-0.05,Pro,Con,Tie,Tie,2,0,0,2,-0.5,0.0,0.0,0.0,0.0,0.0
59994,4,4,0,4,3,-1,3,4,1,2,1,-1,5,3,-2,-0.6,-0.2,Tie,Con,Con,Con,3,1,2,0,0.0,0.3333333333333333,0.0,0.0,0.3333333333333333,0.0
60506,5,4,-1,4,3,-1,5,3,-2,1,1,0,4,3,-1,-1.0,-0.25,Pro,Pro,Tie,Con,9,0,1,8,0.111111,0.1111111111111111,0.1111111111111111,-0.2222222222222222,-0.3333333333333333,0.0
60813,4,4,0,4,4,0,4,4,0,1,2,1,4,5,1,0.4,0.15,Con,Pro,Tie,Tie,5,0,0,5,0.0,0.0,-1.0,-0.2,-1.0,-0.2
60861,4,5,1,4,4,0,4,5,1,1,2,1,4,4,0,0.6,0.2,Con,Pro,Con,Con,4,1,2,1,0.0,0.25,0.0,0.0,-0.5,0.0
60884,4,5,1,3,4,1,4,4,0,1,2,1,3,4,1,0.8,0.25,Con,Pro,Pro,Pro,6,3,1,2,0.0,-0.3333333333333333,-0.5,0.16666666666666666,-0.6666666666666666,0.16666666666666666
60898,4,4,0,3,3,0,4,3,-1,1,1,0,3,3,0,-0.2,-0.05,Pro,Pro,Con,Con,9,2,4,3,0.0,0.2222222222222222,0.1111111111111111,-0.2222222222222222,0.2222222222222222,0.1111111111111111
60901,5,4,-1,4,3,-1,5,4,-1,1,2,1,4,4,0,-0.4,-0.05,Pro,Pro,Tie,Tie,6,3,3,0,-0.333333,0.0,-0.16666666666666666,-0.16666666666666666,-0.6666666666666666,-0.16666666666666666
61295,3,3,0,3,4,1,3,2,-1,1,1,0,3,5,2,0.4,0.1,Pro,Con,Tie,Con,2,0,1,1,0.5,0.5,0.0,0.5,0.5,0.5
61300,4,4,0,4,4,0,3,4,1,1,1,0,4,4,0,0.2,0.05,Con,Pro,Tie,Pro,9,1,0,8,0.0,-0.1111111111111111,-0.1111111111111111,-0.1111111111111111,-0.7777777777777778,-0.1111111111111111
61303,4,4,0,4,4,0,4,3,-1,1,1,0,4,4,0,-0.2,-0.05,Pro,Con,Tie,Tie,3,0,0,3,0.0,0.0,0.0,0.0,1.0,0.0
61478,4,3,-1,4,2,-2,4,2,-2,1,1,0,3,2,-1,-1.2,-0.3,Pro,Con,Tie,Tie,2,0,0,2,0.0,0.0,0.0,0.0,1.0,0.0
61504,4,5,1,3,4,1,3,4,1,1,2,1,3,4,1,1.0,0.3,Con,Con,Tie,Pro,8,3,0,5,0.0,-0.375,-0.125,-0.25,0.0,-0.5
61547,2,5,3,3,4,1,1,3,2,1,1,0,3,3,0,1.2,0.3,Con,Con,Tie,Con,11,0,2,9,0.0,0.18181818181818182,0.18181818181818182,0.18181818181818182,0.8181818181818182,0.18181818181818182
61548,4,3,-1,4,3,-1,4,2,-2,1,1,0,4,3,-1,-1.0,-0.25,Pro,Pro,Tie,Tie,4,0,0,4,0.0,0.0,0.0,0.0,-0.5,0.0
61582,4,4,0,4,3,-1,4,3,-1,2,1,-1,3,3,0,-0.6,-0.2,Pro,Pro,Tie,Tie,3,0,0,3,0.0,0.0,0.0,0.0,-1.0,0.0
61583,4,4,0,3,4,1,3,4,1,1,1,0,3,4,1,0.6,0.15,Con,Con,Tie,Tie,4,0,0,4,0.0,0.0,0.0,0.0,1.0,0.0
61606,4,5,1,3,4,1,4,4,0,1,2,1,4,4,0,0.6,0.2,Con,Con,Con,Con,1,0,1,0,0.0,1.0,1.0,0.0,1.0,1.0
61635,4,4,0,3,3,0,3,4,1,2,1,-1,4,3,-1,-0.2,-0.1,Tie,Con,Con,Con,7,0,6,1,0.0,0.8571428571428571,0.5714285714285714,0.2857142857142857,1.0,0.42857142857142855
61766,5,4,-1,4,3,-1,5,4,-1,1,1,0,4,4,0,-0.6,-0.15,Pro,Con,Con,Con,1,0,1,0,0.0,1.0,0.0,0.0,1.0,1.0
61794,4,5,1,4,4,0,4,4,0,2,1,-1,4,3,-1,-0.2,-0.1,Tie,Con,Tie,Tie,4,1,1,2,0.0,0.0,-1.0,0.0,1.0,0.5
61816,4,4,0,4,4,0,4,4,0,1,1,0,5,5,0,0.0,0.0,Tie,Pro,Pro,Pro,3,2,1,0,0.0,-0.3333333333333333,0.0,0.0,-0.3333333333333333,0.0
61849,4,3,-1,4,3,-1,4,3,-1,1,1,0,4,4,0,-0.6,-0.15,Pro,Pro,Pro,Pro,2,2,0,0,0.0,-1.0,0.5,0.5,0.0,0.0
61872,4,5,1,3,4,1,3,4,1,2,1,-1,3,4,1,0.6,0.1,Con,Pro,Tie,Pro,12,4,2,6,0.0,-0.16666666666666666,0.16666666666666666,-0.16666666666666666,0.0,0.3333333333333333
61894,4,3,-1,4,3,-1,4,3,-1,1,2,1,3,3,0,-0.4,-0.05,Pro,Con,Tie,Tie,21,1,1,19,0.0,0.0,0.047619047619047616,0.0,0.047619047619047616,-0.047619047619047616
61995,4,5,1,3,4,1,3,4,1,1,1,0,3,4,1,0.8,0.2,Con,Con,Tie,Tie,5,1,1,3,-0.2,0.0,0.0,0.0,0.2,0.0
61999,4,4,0,4,3,-1,4,3,-1,2,1,-1,3,4,1,-0.4,-0.15,Pro,Con,Tie,Tie,4,2,2,0,0.0,0.0,0.0,0.0,0.5,0.0
62022,5,5,0,4,4,0,5,4,-1,1,1,0,4,4,0,-0.2,-0.05,Tie,Pro,Tie,Tie,4,1,1,2,0.0,0.0,0.0,0.0,-0.5,0.5
62026,4,5,1,3,4,1,4,5,1,1,2,1,3,4,1,1.0,0.3,Con,Tie,Tie,Pro,12,6,0,6,-0.166667,-0.5,0.0,0.08333333333333333,-0.25,-0.08333333333333333
62129,4,4,0,3,3,0,4,4,0,1,1,0,3,3,0,0.0,0.0,Tie,Con,Tie,Tie,3,1,1,1,0.0,0.0,0.0,0.3333333333333333,0.3333333333333333,0.0
62780,5,5,0,4,4,0,4,4,0,1,2,1,4,5,1,0.4,0.15,Con,Pro,Con,Con,1,0,1,0,1.0,1.0,1.0,1.0,1.0,1.0
62877,4,2,-2,4,2,-2,4,1,-3,2,1,-1,3,2,-1,-1.8,-0.5,Pro,Pro,Tie,Tie,12,0,0,12,0.0,0.0,0.0,0.0,-0.5,0.0
63171,4,5,1,3,4,1,4,5,1,1,1,0,4,4,0,0.6,0.15,Con,Con,Con,Con,2,0,2,0,0.0,1.0,0.0,0.0,1.0,0.0
63201,5,5,0,4,4,0,5,4,-1,1,2,1,4,5,1,0.2,0.1,Tie,Con,Tie,Tie,6,0,0,6,0.0,0.0,0.16666666666666666,0.16666666666666666,0.3333333333333333,0.16666666666666666
63231,4,4,0,4,3,-1,4,3,-1,1,2,1,3,3,0,-0.2,0.0,Pro,Pro,Tie,Con,14,0,1,13,0.0,0.07142857142857142,0.0,0.0,0.14285714285714285,0.0
63297,3,4,1,3,4,1,3,4,1,1,2,1,3,4,1,1.0,0.3,Con,Con,Tie,Con,2,0,1,1,0.0,0.5,-0.5,0.5,1.0,-0.5
63298,4,5,1,4,4,0,4,5,1,1,2,1,4,4,0,0.6,0.2,Con,Con,Con,Con,1,0,1,0,0.0,1.0,-1.0,0.0,1.0,1.0
63414,3,4,1,3,4,1,2,4,2,1,1,0,4,4,0,0.8,0.2,Con,Con,Con,Con,3,0,3,0,0.666667,1.0,0.0,0.0,1.0,1.0
63471,4,4,0,3,4,1,3,4,1,1,2,1,3,4,1,0.8,0.25,Con,Pro,Tie,Pro,5,2,0,3,0.0,-0.4,-0.2,0.2,-1.0,-0.6
63478,4,5,1,3,4,1,3,4,1,1,1,0,2,3,1,0.8,0.2,Con,Pro,Tie,Tie,9,0,0,9,0.0,0.0,0.0,0.0,-0.1111111111111111,0.0
63485,4,5,1,4,4,0,3,4,1,2,1,-1,4,4,0,0.2,0.0,Con,Tie,Tie,Tie,5,2,2,1,0.0,0.0,0.2,0.0,0.2,0.2
63516,4,5,1,4,4,0,3,4,1,2,2,0,4,5,1,0.6,0.15,Con,Con,Con,Con,3,1,2,0,0.0,0.3333333333333333,0.0,0.0,0.3333333333333333,0.3333333333333333
63541,4,5,1,3,4,1,4,5,1,2,1,-1,4,4,0,0.4,0.05,Con,Con,Tie,Con,2,0,1,1,0.0,0.5,0.0,0.0,1.0,-0.5
63549,5,4,-1,4,2,-2,5,3,-2,2,1,-1,4,3,-1,-1.4,-0.4,Pro,Pro,Tie,Tie,4,1,1,2,0.0,0.0,0.25,0.0,-0.5,0.0
63563,4,4,0,3,3,0,3,4,1,1,1,0,3,3,0,0.2,0.05,Con,Con,Tie,Tie,5,1,1,3,0.0,0.0,-0.6,-0.2,0.6,0.2
63613,4,5,1,3,4,1,4,5,1,2,1,-1,5,4,-1,0.2,0.0,Con,Con,Tie,Tie,11,0,0,11,0.0,0.0,0.0,0.0,-0.09090909090909091,0.0
63702,4,5,1,4,4,0,4,4,0,1,2,1,4,4,0,0.4,0.15,Con,Con,Con,Con,3,0,3,0,0.0,1.0,0.0,0.0,1.0,0.0
63822,5,4,-1,4,3,-1,5,3,-2,1,1,0,4,4,0,-0.8,-0.2,Pro,Con,Con,Con,3,1,2,0,0.0,0.3333333333333333,0.6666666666666666,0.0,0.3333333333333333,0.6666666666666666
63832,4,5,1,4,4,0,3,4,1,1,2,1,4,4,0,0.6,0.2,Con,Con,Con,Con,7,2,3,2,-0.142857,0.14285714285714285,0.2857142857142857,0.2857142857142857,0.42857142857142855,0.2857142857142857
64048,4,4,0,4,4,0,4,4,0,1,2,1,3,4,1,0.4,0.15,Con,Tie,Tie,Pro,2,1,0,1,0.0,-0.5,0.0,0.0,0.0,-1.0
64074,5,3,-2,4,4,0,5,2,-3,2,1,-1,4,3,-1,-1.4,-0.4,Pro,Pro,Pro,Pro,9,7,2,0,-0.222222,-0.5555555555555556,-0.3333333333333333,-0.3333333333333333,-0.7777777777777778,-0.4444444444444444
64160,4,4,0,3,3,0,4,4,0,1,1,0,3,3,0,0.0,0.0,Tie,Pro,Tie,Tie,7,0,0,7,0.0,0.0,0.0,0.0,0.42857142857142855,0.0
64353,4,5,1,3,4,1,3,4,1,1,2,1,3,3,0,0.8,0.25,Con,Con,Con,Con,4,1,2,1,0.0,0.25,0.75,0.75,0.5,0.75
64357,4,2,-2,3,2,-1,3,1,-2,2,1,-1,3,3,0,-1.2,-0.35,Pro,Pro,Tie,Tie,8,0,0,8,0.0,0.0,0.0,0.0,-0.25,0.0
64385,4,5,1,4,4,0,4,5,1,2,2,0,5,5,0,0.4,0.1,Con,Con,Con,Con,4,1,3,0,0.25,0.5,0.25,0.25,0.75,0.5
64391,4,5,1,3,4,1,4,4,0,1,1,0,3,4,1,0.6,0.15,Con,Pro,Tie,Pro,4,1,0,3,0.0,-0.25,0.25,0.25,0.0,0.25
64392,5,3,-2,4,3,-1,5,2,-3,1,1,0,4,3,-1,-1.4,-0.35,Pro,Con,Tie,Con,7,0,3,4,0.0,0.42857142857142855,0.0,0.14285714285714285,0.14285714285714285,-0.14285714285714285
64557,4,4,0,3,4,1,4,3,-1,1,1,0,4,3,-1,-0.2,-0.05,Pro,Con,Con,Con,2,0,2,0,0.0,1.0,0.5,0.0,1.0,0.5
64818,4,4,0,4,3,-1,4,4,0,1,1,0,4,3,-1,-0.4,-0.1,Pro,Tie,Tie,Pro,9,2,1,6,0.0,-0.1111111111111111,-0.2222222222222222,0.0,-0.3333333333333333,0.0
64860,5,3,-2,4,3,-1,5,3,-2,2,1,-1,4,3,-1,-1.4,-0.4,Pro,Pro,Pro,Pro,2,2,0,0,-1.0,-1.0,-0.5,0.0,-1.0,0.5
64916,5,5,0,4,4,0,4,4,0,1,2,1,4,4,0,0.2,0.1,Con,Con,Con,Con,3,0,2,1,0.333333,0.6666666666666666,0.3333333333333333,0.6666666666666666,0.3333333333333333,1.0
64932,5,5,0,4,4,0,4,4,0,2,2,0,5,5,0,0.0,0.0,Tie,Pro,Tie,Pro,2,1,0,1,0.0,-0.5,0.0,-0.5,-1.0,-0.5
64938,3,5,2,3,4,1,1,4,3,1,1,0,3,4,1,1.4,0.35,Con,Tie,Tie,Tie,2,0,0,2,0.0,0.0,1.0,0.0,0.5,0.0
64944,4,5,1,3,4,1,3,4,1,1,2,1,4,4,0,0.8,0.25,Con,Pro,Tie,Tie,4,0,0,4,0.0,0.0,0.0,0.0,-0.5,0.0
65039,4,3,-1,4,3,-1,4,3,-1,2,1,-1,4,3,-1,-1.0,-0.3,Pro,Con,Tie,Con,2,0,1,1,0.0,0.5,0.0,0.0,0.0,0.5
65261,4,5,1,3,4,1,3,5,2,2,1,-1,5,5,0,0.6,0.1,Con,Pro,Tie,Con,10,2,4,4,-0.1,0.2,0.0,0.3,-0.3,0.0
65558,4,3,-1,4,3,-1,4,2,-2,1,1,0,3,4,1,-0.6,-0.15,Pro,Pro,Tie,Pro,4,1,0,3,0.0,-0.25,0.0,-0.25,-0.5,-0.25
65573,5,1,-4,4,1,-3,4,1,-3,1,1,0,3,3,0,-2.0,-0.5,Pro,Pro,Pro,Pro,4,3,0,1,0.0,-0.75,-1.0,-1.0,-1.0,-1.0
65786,5,3,-2,4,3,-1,4,3,-1,1,1,0,4,4,0,-0.8,-0.2,Pro,Pro,Tie,Tie,6,0,0,6,0.0,0.0,0.0,0.0,-0.3333333333333333,-0.16666666666666666
65994,4,4,0,4,3,-1,4,3,-1,1,2,1,4,5,1,0.0,0.05,Tie,Pro,Tie,Tie,2,1,1,0,0.0,0.0,0.0,0.0,0.0,0.0
66182,4,3,-1,4,3,-1,4,2,-2,1,2,1,3,2,-1,-0.8,-0.15,Pro,Pro,Pro,Pro,19,12,4,3,0.052632,-0.42105263157894735,-0.21052631578947367,-0.10526315789473684,-0.3157894736842105,-0.2631578947368421
66389,5,4,-1,4,3,-1,4,3,-1,2,1,-1,5,4,-1,-1.0,-0.3,Pro,Tie,Tie,Pro,4,2,0,2,-0.5,-0.5,0.0,-0.5,0.0,-0.5
66392,5,5,0,4,3,-1,5,4,-1,2,2,0,4,4,0,-0.4,-0.1,Tie,Tie,Pro,Pro,5,3,1,1,0.0,-0.4,0.2,0.0,-0.2,-0.6
66691,4,4,0,3,4,1,4,4,0,2,1,-1,4,3,-1,-0.2,-0.1,Tie,Con,Tie,Con,8,0,3,5,0.125,0.375,0.25,0.0,0.625,-0.125
66810,4,4,0,3,3,0,4,4,0,1,1,0,3,3,0,0.0,0.0,Tie,Con,Con,Con,5,2,3,0,0.2,0.2,0.0,0.2,0.2,0.4
66818,4,4,0,4,4,0,4,4,0,2,1,-1,4,4,0,-0.2,-0.1,Tie,Con,Tie,Tie,1,0,0,1,0.0,0.0,1.0,0.0,0.0,0.0
66859,4,5,1,4,3,-1,4,5,1,1,2,1,4,3,-1,0.2,0.1,Con,Con,Con,Con,3,0,3,0,0.0,1.0,-0.3333333333333333,0.0,1.0,0.0
66870,4,4,0,3,4,1,4,4,0,1,2,1,3,3,0,0.4,0.15,Con,Pro,Tie,Pro,5,1,0,4,0.0,-0.2,0.0,0.0,-0.6,0.0
66951,4,4,0,4,4,0,4,4,0,1,1,0,4,4,0,0.0,0.0,Tie,Con,Tie,Tie,3,1,1,1,0.0,0.0,0.0,0.0,0.3333333333333333,0.0
67220,4,3,-1,4,3,-1,4,3,-1,2,2,0,4,3,-1,-0.8,-0.2,Pro,Pro,Tie,Pro,7,1,0,6,-0.142857,-0.14285714285714285,-0.14285714285714285,-0.14285714285714285,-0.42857142857142855,-0.14285714285714285
67230,5,4,-1,4,4,0,5,4,-1,1,1,0,4,4,0,-0.4,-0.1,Pro,Pro,Tie,Tie,2,0,0,2,0.0,0.0,0.0,0.0,0.0,0.5
67272,4,3,-1,4,3,-1,4,3,-1,1,1,0,3,3,0,-0.6,-0.15,Pro,Con,Tie,Tie,4,0,0,4,0.0,0.0,0.0,0.0,1.0,0.0
67273,4,3,-1,4,3,-1,4,3,-1,2,1,-1,3,2,-1,-1.0,-0.3,Pro,Con,Tie,Tie,11,0,0,11,0.0,0.0,0.0,0.0,0.09090909090909091,0.0
67386,5,4,-1,4,3,-1,4,3,-1,1,1,0,4,2,-2,-1.0,-0.25,Pro,Con,Con,Con,4,1,2,1,0.0,0.25,-0.5,0.25,0.75,0.25
67544,5,5,0,4,4,0,4,4,0,1,2,1,5,5,0,0.2,0.1,Con,Con,Tie,Con,3,0,1,2,0.333333,0.3333333333333333,0.0,0.0,1.0,0.0
67551,4,5,1,3,4,1,4,4,0,1,1,0,3,3,0,0.4,0.1,Con,Tie,Tie,Pro,3,1,0,2,0.0,-0.3333333333333333,0.0,0.0,0.3333333333333333,0.0
67552,5,4,-1,5,3,-2,5,3,-2,3,2,-1,5,3,-2,-1.6,-0.45,Pro,Pro,Tie,Tie,8,0,0,8,0.0,0.0,0.0,0.0,0.0,0.0
67605,1,2,1,1,3,2,1,2,1,1,1,0,4,5,1,1.0,0.25,Con,Con,Tie,Pro,3,1,0,2,0.0,-0.3333333333333333,0.3333333333333333,0.0,0.6666666666666666,0.0
67609,4,4,0,4,3,-1,4,3,-1,1,1,0,4,4,0,-0.4,-0.1,Pro,Pro,Tie,Tie,5,0,0,5,0.0,0.0,0.0,0.0,-0.2,0.0
67611,5,1,-4,4,1,-3,4,1,-3,1,1,0,4,3,-1,-2.2,-0.55,Pro,Pro,Tie,Con,4,0,1,3,0.0,0.25,-1.0,-0.75,-1.0,-0.75
67612,5,4,-1,4,3,-1,5,3,-2,2,1,-1,4,3,-1,-1.2,-0.35,Pro,Pro,Pro,Pro,3,2,1,0,0.0,-0.3333333333333333,-0.6666666666666666,-0.3333333333333333,-1.0,-0.6666666666666666
67638,3,2,-1,3,2,-1,2,1,-1,1,1,0,3,4,1,-0.4,-0.1,Pro,Con,Con,Con,3,0,2,1,0.0,0.6666666666666666,0.3333333333333333,0.3333333333333333,0.3333333333333333,0.3333333333333333
67654,4,5,1,4,4,0,4,4,0,1,1,0,4,4,0,0.2,0.05,Con,Pro,Tie,Pro,5,2,0,3,0.0,-0.4,0.0,0.0,-1.0,-0.2
67680,4,4,0,4,4,0,4,4,0,1,1,0,3,3,0,0.0,0.0,Tie,Con,Con,Con,6,1,3,2,0.166667,0.3333333333333333,0.3333333333333333,0.6666666666666666,0.3333333333333333,-0.3333333333333333
67688,5,5,0,4,4,0,5,4,-1,2,1,-1,4,3,-1,-0.6,-0.2,Tie,Pro,Pro,Pro,2,2,0,0,0.0,-1.0,-1.0,-1.0,-1.0,-1.0
67708,4,4,0,4,3,-1,4,3,-1,2,1,-1,4,3,-1,-0.8,-0.25,Pro,Con,Con,Con,5,2,3,0,0.0,0.2,0.0,0.2,0.2,0.2
67749,4,5,1,3,4,1,3,4,1,1,1,0,2,4,2,1.0,0.25,Con,Tie,Tie,Tie,4,1,1,2,-0.25,0.0,0.5,0.0,0.25,0.0
67770,5,3,-2,5,3,-2,4,3,-1,2,1,-1,5,4,-1,-1.4,-0.4,Pro,Tie,Tie,Tie,6,0,0,6,0.0,0.0,-0.16666666666666666,-0.16666666666666666,0.0,-0.16666666666666666
67872,5,5,0,3,4,1,4,5,1,2,1,-1,3,4,1,0.4,0.05,Tie,Pro,Tie,Tie,7,1,1,5,0.0,0.0,0.0,0.0,-0.42857142857142855,-0.2857142857142857
67886,4,4,0,4,3,-1,4,4,0,1,1,0,3,3,0,-0.2,-0.05,Tie,Pro,Tie,Tie,5,0,0,5,0.0,0.0,0.2,0.2,-0.6,0.2
67916,3,4,1,2,4,2,2,3,1,1,1,0,3,3,0,0.8,0.2,Con,Con,Tie,Con,13,1,6,6,0.0,0.38461538461538464,0.38461538461538464,0.15384615384615385,0.38461538461538464,0.07692307692307693
67925,4,5,1,3,4,1,3,4,1,1,1,0,4,3,-1,0.4,0.1,Con,Con,Con,Con,7,0,4,3,0.0,0.5714285714285714,-0.14285714285714285,0.42857142857142855,0.7142857142857143,-0.14285714285714285
67927,2,4,2,2,4,2,1,3,2,1,2,1,3,4,1,1.6,0.45,Con,Con,Tie,Con,7,0,3,4,0.142857,0.42857142857142855,0.8571428571428571,0.8571428571428571,0.7142857142857143,0.8571428571428571
67930,3,4,1,3,4,1,3,4,1,1,2,1,3,4,1,1.0,0.3,Con,Con,Tie,Tie,1,0,0,1,0.0,0.0,-1.0,-1.0,-1.0,0.0
67952,4,3,-1,4,3,-1,4,3,-1,1,2,1,3,4,1,-0.2,0.0,Pro,Tie,Tie,Tie,4,2,2,0,0.0,0.0,0.25,0.0,0.0,0.0
67953,4,2,-2,4,3,-1,3,2,-1,1,1,0,3,4,1,-0.6,-0.15,Pro,Con,Con,Con,10,3,4,3,0.1,0.1,0.1,0.1,0.0,0.1
67965,5,3,-2,4,4,0,4,3,-1,1,1,0,4,4,0,-0.6,-0.15,Pro,Con,Tie,Con,18,1,3,14,0.0,0.1111111111111111,0.1111111111111111,0.1111111111111111,0.4444444444444444,0.1111111111111111
67972,4,5,1,4,3,-1,3,3,0,1,1,0,3,3,0,0.0,0.0,Tie,Pro,Pro,Pro,3,2,0,1,0.0,-0.6666666666666666,-1.0,-0.6666666666666666,-0.6666666666666666,-0.6666666666666666
67981,4,4,0,4,4,0,4,3,-1,2,1,-1,4,3,-1,-0.6,-0.2,Pro,Pro,Tie,Tie,2,0,0,2,0.0,0.0,0.0,-1.0,-1.0,-1.0
68002,4,5,1,3,4,1,4,5,1,1,2,1,3,3,0,0.8,0.25,Con,Con,Tie,Pro,6,2,1,3,0.0,-0.16666666666666666,0.0,-0.5,0.16666666666666666,0.16666666666666666
68003,4,4,0,4,3,-1,4,4,0,1,1,0,3,2,-1,-0.4,-0.1,Pro,Pro,Tie,Pro,2,1,0,1,0.0,-0.5,0.0,0.0,0.0,0.5
68029,4,4,0,4,4,0,4,3,-1,2,2,0,4,5,1,0.0,0.0,Pro,Tie,Pro,Pro,8,5,3,0,-0.25,-0.25,0.0,-0.125,-0.25,-0.125
68084,4,3,-1,3,3,0,4,2,-2,1,1,0,3,3,0,-0.6,-0.15,Pro,Con,Tie,Tie,3,0,0,3,0.0,0.0,0.0,0.0,0.3333333333333333,0.0
68092,5,5,0,4,4,0,4,4,0,1,2,1,5,5,0,0.2,0.1,Tie,Con,Tie,Pro,14,2,1,11,-0.071429,-0.07142857142857142,-0.07142857142857142,0.07142857142857142,0.14285714285714285,0.0
68101,4,5,1,3,4,1,4,5,1,1,2,1,3,4,1,1.0,0.3,Con,Con,Con,Con,11,2,6,3,0.090909,0.36363636363636365,0.0,0.09090909090909091,0.09090909090909091,0.09090909090909091
68113,3,4,1,3,4,1,2,4,2,1,1,0,3,4,1,1.0,0.25,Con,Con,Con,Con,4,0,3,1,0.0,0.75,0.25,0.0,1.0,0.0
68117,4,4,0,3,4,1,4,4,0,1,2,1,3,3,0,0.4,0.15,Con,Pro,Tie,Pro,4,2,0,2,0.0,-0.5,0.0,0.0,-0.5,0.0
68134,4,3,-1,4,3,-1,4,3,-1,1,2,1,5,4,-1,-0.6,-0.1,Pro,Con,Tie,Con,2,0,1,1,0.0,0.5,0.0,0.0,0.0,0.0
68143,3,3,0,4,3,-1,3,3,0,1,2,1,3,3,0,0.0,0.05,Tie,Pro,Tie,Pro,13,3,0,10,0.0,-0.23076923076923078,-0.23076923076923078,-0.23076923076923078,-0.23076923076923078,-0.23076923076923078
68169,5,4,-1,4,3,-1,4,4,0,2,2,0,4,4,0,-0.4,-0.1,Tie,Con,Tie,Tie,2,1,1,0,0.0,0.0,-0.5,-0.5,0.0,-0.5
68172,4,5,1,4,5,1,4,5,1,2,1,-1,4,3,-1,0.2,0.0,Con,Con,Con,Con,5,2,3,0,0.2,0.2,0.2,0.2,0.6,0.4
68219,4,5,1,3,4,1,4,5,1,1,1,0,4,3,-1,0.4,0.1,Con,Con,Tie,Pro,8,4,0,4,-0.25,-0.5,0.0,0.125,0.0,0.125
68233,5,5,0,4,4,0,5,4,-1,2,1,-1,4,4,0,-0.4,-0.15,Tie,Pro,Tie,Tie,2,1,1,0,0.0,0.0,0.0,0.5,-1.0,-0.5
68237,5,5,0,4,4,0,4,5,1,2,1,-1,4,4,0,0.0,-0.05,Con,Con,Tie,Tie,3,1,1,1,0.0,0.0,0.0,0.3333333333333333,0.3333333333333333,-0.3333333333333333
68254,4,3,-1,4,3,-1,4,1,-3,2,2,0,4,3,-1,-1.2,-0.3,Pro,Pro,Tie,Tie,4,0,0,4,0.0,0.0,0.0,0.0,-0.5,0.0
68261,4,4,0,3,4,1,3,4,1,1,2,1,3,4,1,0.8,0.25,Con,Pro,Tie,Pro,5,2,1,2,0.0,-0.2,0.0,-0.2,-0.4,0.0
68275,4,4,0,4,4,0,4,4,0,2,2,0,4,4,0,0.0,0.0,Tie,Con,Tie,Tie,5,0,0,5,0.0,0.0,0.0,0.0,0.2,0.0
68279,4,4,0,4,4,0,4,4,0,1,2,1,4,4,0,0.2,0.1,Con,Con,Con,Con,3,0,2,1,0.0,0.6666666666666666,0.0,0.0,1.0,0.0
68287,4,4,0,4,4,0,4,3,-1,2,1,-1,3,3,0,-0.4,-0.15,Pro,Con,Tie,Con,4,0,2,2,0.0,0.5,0.0,0.0,1.0,0.75
68371,4,4,0,3,4,1,4,4,0,1,1,0,3,4,1,0.4,0.1,Tie,Con,Tie,Tie,4,0,0,4,0.0,0.0,0.0,0.0,0.5,0.0
68375,4,4,0,3,3,0,4,4,0,1,1,0,3,3,0,0.0,0.0,Tie,Pro,Tie,Tie,1,0,0,1,0.0,0.0,1.0,1.0,0.0,1.0
68381,5,4,-1,4,3,-1,4,3,-1,1,1,0,4,3,-1,-0.8,-0.2,Pro,Tie,Pro,Pro,4,2,1,1,0.0,-0.25,-0.5,-0.25,0.0,-0.5
68390,4,4,0,4,3,-1,4,4,0,1,1,0,4,3,-1,-0.4,-0.1,Pro,Con,Con,Con,7,2,3,2,0.0,0.14285714285714285,-0.2857142857142857,0.2857142857142857,0.14285714285714285,0.0
68398,2,4,2,3,4,1,1,3,2,1,1,0,5,4,-1,0.8,0.2,Con,Con,Tie,Tie,4,0,0,4,0.0,0.0,-0.25,0.0,0.75,0.0
68446,4,4,0,4,3,-1,4,4,0,1,1,0,4,3,-1,-0.4,-0.1,Tie,Pro,Tie,Con,18,0,1,17,0.0,0.05555555555555555,0.05555555555555555,0.05555555555555555,-0.1111111111111111,0.05555555555555555
68451,5,5,0,4,4,0,4,4,0,1,2,1,3,4,1,0.4,0.15,Tie,Con,Con,Con,5,0,4,1,0.6,0.8,0.2,0.0,0.6,0.2
68470,2,5,3,2,4,2,2,5,3,1,2,1,3,4,1,2.0,0.55,Con,Con,Tie,Tie,3,0,0,3,0.0,0.0,0.0,0.0,0.3333333333333333,0.0
68521,4,5,1,3,5,2,3,5,2,1,1,0,3,4,1,1.2,0.3,Con,Con,Con,Con,4,1,3,0,0.0,0.5,0.5,0.5,0.5,0.75
68527,5,5,0,4,4,0,5,5,0,1,2,1,4,4,0,0.2,0.1,Tie,Con,Tie,Con,8,0,4,4,0.25,0.5,0.0,0.125,0.75,0.375
68543,5,4,-1,4,3,-1,5,3,-2,2,1,-1,3,3,0,-1.0,-0.3,Pro,Con,Tie,Con,4,0,2,2,0.25,0.5,0.0,0.25,0.5,0.5
68566,4,5,1,4,3,-1,4,4,0,1,1,0,5,3,-2,-0.4,-0.1,Tie,Con,Tie,Con,4,0,2,2,0.0,0.5,0.0,-0.25,0.75,0.5
68595,4,4,0,4,3,-1,4,3,-1,1,2,1,4,5,1,0.0,0.05,Pro,Pro,Con,Con,3,0,2,1,0.0,0.6666666666666666,0.0,-0.3333333333333333,-0.3333333333333333,1.0
68606,3,4,1,3,4,1,2,3,1,1,1,0,3,4,1,0.8,0.2,Con,Con,Tie,Con,10,0,1,9,0.0,0.1,0.1,0.1,0.8,0.1
68610,4,4,0,4,3,-1,4,3,-1,1,2,1,3,3,0,-0.2,0.0,Pro,Pro,Tie,Tie,2,0,0,2,0.0,0.0,-1.0,-0.5,-1.0,-1.0
68628,4,3,-1,3,3,0,4,3,-1,1,1,0,3,3,0,-0.4,-0.1,Pro,Tie,Pro,Pro,2,2,0,0,0.0,-1.0,-0.5,-0.5,-1.0,-1.0
68642,3,4,1,3,3,0,2,3,1,1,2,1,2,4,2,1.0,0.3,Con,Con,Tie,Tie,2,0,0,2,0.0,0.0,0.0,0.5,0.0,0.5
68654,4,4,0,4,3,-1,4,3,-1,2,1,-1,4,3,-1,-0.8,-0.25,Pro,Con,Tie,Con,4,0,1,3,0.0,0.25,-0.25,0.0,0.5,0.0
68671,5,3,-2,4,3,-1,5,3,-2,1,2,1,4,4,0,-0.8,-0.15,Pro,Pro,Tie,Tie,2,1,1,0,0.0,0.0,0.0,0.0,-1.0,0.0
68740,5,5,0,4,3,-1,5,4,-1,2,2,0,4,4,0,-0.4,-0.1,Pro,Pro,Tie,Tie,3,0,0,3,0.0,0.0,0.0,0.0,-0.3333333333333333,0.0
68757,3,4,1,3,4,1,3,4,1,2,1,-1,4,5,1,0.6,0.1,Con,Pro,Tie,Pro,4,2,0,2,0.0,-0.5,-0.75,-0.75,-0.75,-0.25
68760,3,5,2,3,4,1,3,5,2,1,2,1,4,4,0,1.2,0.35,Con,Con,Con,Con,1,0,1,0,0.0,1.0,0.0,0.0,1.0,0.0
68832,3,4,1,3,4,1,3,4,1,1,1,0,3,4,1,0.8,0.2,Con,Pro,Tie,Pro,2,1,0,1,0.0,-0.5,-1.0,-0.5,-1.0,-0.5
68893,4,4,0,3,4,1,3,3,0,1,1,0,3,4,1,0.4,0.1,Con,Pro,Pro,Pro,9,5,2,2,-0.111111,-0.3333333333333333,-0.1111111111111111,0.0,-0.3333333333333333,0.0
68903,3,4,1,3,4,1,3,4,1,1,2,1,3,4,1,1.0,0.3,Con,Con,Tie,Pro,26,1,0,25,0.0,-0.038461538461538464,-0.038461538461538464,-0.038461538461538464,-0.15384615384615385,-0.038461538461538464
68904,4,3,-1,4,3,-1,4,2,-2,1,1,0,3,2,-1,-1.0,-0.25,Pro,Pro,Tie,Tie,11,0,0,11,0.0,0.0,0.0,0.0,-0.45454545454545453,0.0
69158,4,4,0,4,4,0,4,4,0,2,1,-1,4,4,0,-0.2,-0.1,Tie,Con,Con,Con,4,1,3,0,0.0,0.5,0.5,0.25,0.25,0.25
69288,4,5,1,3,4,1,4,4,0,1,2,1,3,4,1,0.8,0.25,Con,Pro,Tie,Tie,5,2,2,1,0.0,0.0,-0.2,0.0,-0.6,-0.2
69313,5,5,0,4,4,0,5,4,-1,1,1,0,5,5,0,-0.2,-0.05,Tie,Con,Con,Con,10,3,5,2,0.0,0.2,0.1,0.0,0.2,-0.2
69317,5,4,-1,4,3,-1,4,4,0,1,1,0,4,4,0,-0.4,-0.1,Tie,Con,Tie,Tie,3,1,1,1,0.0,0.0,0.0,0.0,0.3333333333333333,0.0
69363,4,3,-1,3,3,0,4,2,-2,2,1,-1,3,3,0,-0.8,-0.25,Pro,Pro,Tie,Tie,2,1,1,0,0.0,0.0,0.0,0.0,0.0,0.0
69945,4,4,0,4,4,0,4,3,-1,2,1,-1,4,3,-1,-0.6,-0.2,Pro,Con,Tie,Tie,12,5,5,2,0.083333,0.0,0.3333333333333333,0.08333333333333333,0.0,-0.08333333333333333
69946,4,4,0,4,4,0,3,3,0,2,2,0,4,5,1,0.2,0.05,Tie,Con,Con,Con,4,0,3,1,0.0,0.75,0.0,0.25,1.0,0.25
70104,4,5,1,3,4,1,4,4,0,1,1,0,4,3,-1,0.2,0.05,Tie,Pro,Tie,Tie,9,0,0,9,0.0,0.0,0.0,0.0,-0.1111111111111111,0.0
70331,4,4,0,4,3,-1,4,4,0,1,2,1,3,3,0,0.0,0.05,Tie,Con,Con,Con,3,1,2,0,0.0,0.3333333333333333,0.6666666666666666,0.3333333333333333,0.3333333333333333,-0.6666666666666666
70465,5,4,-1,4,3,-1,4,4,0,1,2,1,4,3,-1,-0.4,-0.05,Pro,Pro,Pro,Pro,3,2,0,1,-0.333333,-0.6666666666666666,0.0,0.0,-0.3333333333333333,-0.6666666666666666
70749,4,5,1,3,5,2,3,5,2,1,1,0,4,5,1,1.2,0.3,Con,Con,Tie,Con,7,0,1,6,0.0,0.14285714285714285,0.14285714285714285,0.14285714285714285,0.7142857142857143,0.14285714285714285
70910,5,5,0,4,4,0,5,4,-1,2,2,0,4,4,0,-0.2,-0.05,Tie,Pro,Tie,Con,6,0,1,5,0.0,0.16666666666666666,0.0,0.0,-0.6666666666666666,0.0
71032,4,4,0,4,3,-1,4,3,-1,2,1,-1,4,3,-1,-0.8,-0.25,Pro,Con,Tie,Tie,6,0,0,6,0.0,0.0,0.0,0.0,0.3333333333333333,0.0
71033,5,4,-1,4,4,0,5,4,-1,1,2,1,4,5,1,0.0,0.05,Tie,Pro,Pro,Pro,15,8,6,1,0.2,-0.13333333333333333,0.0,0.0,-0.13333333333333333,-0.13333333333333333
71121,3,3,0,3,3,0,3,2,-1,2,1,-1,4,2,-2,-0.8,-0.25,Pro,Con,Tie,Con,2,0,1,1,0.0,0.5,0.0,0.0,1.0,0.0
71124,5,5,0,4,4,0,4,4,0,1,2,1,4,3,-1,0.0,0.05,Tie,Tie,Tie,Con,6,0,1,5,0.166667,0.16666666666666666,0.0,0.0,0.3333333333333333,0.16666666666666666
71141,4,4,0,4,4,0,4,3,-1,2,2,0,4,4,0,-0.2,-0.05,Pro,Pro,Tie,Tie,2,0,0,2,0.0,0.0,0.0,0.0,0.0,0.0
71270,4,4,0,3,4,1,4,4,0,1,1,0,3,4,1,0.4,0.1,Con,Con,Con,Con,4,0,3,1,0.25,0.75,0.5,0.0,0.5,0.75
71283,4,5,1,3,4,1,3,4,1,1,1,0,3,3,0,0.6,0.15,Con,Con,Tie,Con,4,0,2,2,0.0,0.5,0.0,0.0,0.75,0.75
71285,4,4,0,4,3,-1,4,3,-1,1,2,1,4,4,0,-0.2,0.0,Tie,Tie,Tie,Tie,5,1,1,3,-0.2,0.0,-0.2,-0.2,0.2,0.0
71482,5,4,-1,4,3,-1,4,4,0,1,1,0,3,3,0,-0.4,-0.1,Pro,Con,Con,Con,4,1,2,1,0.0,0.25,0.25,0.0,0.5,-0.25
71882,5,4,-1,4,3,-1,5,3,-2,1,1,0,3,2,-1,-1.0,-0.25,Pro,Pro,Pro,Pro,4,3,1,0,0.25,-0.5,-0.5,0.0,-0.5,-0.5
71888,4,4,0,3,4,1,4,4,0,1,2,1,3,4,1,0.6,0.2,Con,Con,Tie,Tie,8,0,0,8,0.0,0.0,0.0,0.0,1.0,0.0
71892,5,4,-1,4,3,-1,4,3,-1,1,1,0,4,4,0,-0.6,-0.15,Pro,Pro,Tie,Tie,9,4,4,1,0.0,0.0,0.1111111111111111,0.0,0.0,0.3333333333333333
71901,4,5,1,3,4,1,4,5,1,1,2,1,3,4,1,1.0,0.3,Con,Pro,Tie,Pro,2,1,0,1,0.0,-0.5,0.0,0.0,-1.0,0.0
71911,4,3,-1,4,3,-1,4,2,-2,1,1,0,4,3,-1,-1.0,-0.25,Pro,Con,Con,Con,4,1,3,0,0.0,0.5,0.25,0.25,0.75,0.0
72034,5,3,-2,4,3,-1,4,3,-1,1,2,1,4,4,0,-0.6,-0.1,Pro,Pro,Tie,Pro,6,2,0,4,-0.166667,-0.3333333333333333,-0.3333333333333333,-0.5,-1.0,-0.8333333333333334
72196,4,4,0,4,3,-1,4,3,-1,1,2,1,3,4,1,0.0,0.05,Pro,Con,Con,Con,3,1,2,0,0.333333,0.3333333333333333,-0.3333333333333333,-0.3333333333333333,0.6666666666666666,0.3333333333333333
72246,4,5,1,4,4,0,4,5,1,2,2,0,4,4,0,0.4,0.1,Con,Con,Tie,Tie,8,1,1,6,0.0,0.0,0.0,0.0,0.0,0.0
72382,4,4,0,3,3,0,4,3,-1,1,1,0,3,3,0,-0.2,-0.05,Pro,Pro,Tie,Pro,6,2,1,3,0.0,-0.16666666666666666,-0.16666666666666666,-0.5,-0.3333333333333333,-0.3333333333333333
72390,4,5,1,3,4,1,3,4,1,1,1,0,1,4,3,1.2,0.3,Con,Pro,Pro,Pro,3,3,0,0,-0.333333,-1.0,-0.6666666666666666,-0.6666666666666666,-0.6666666666666666,-0.6666666666666666
72435,4,4,0,4,4,0,3,3,0,2,1,-1,4,4,0,-0.2,-0.1,Pro,Con,Con,Con,4,0,4,0,0.25,1.0,0.25,0.5,1.0,0.75
72996,4,5,1,3,4,1,3,4,1,1,1,0,4,4,0,0.6,0.15,Con,Con,Tie,Tie,4,1,1,2,-0.25,0.0,0.25,0.0,0.5,0.0
73017,5,3,-2,4,3,-1,4,2,-2,1,1,0,4,3,-1,-1.2,-0.3,Pro,Tie,Con,Con,7,3,4,0,0.0,0.14285714285714285,0.2857142857142857,0.2857142857142857,0.2857142857142857,0.2857142857142857
73032,4,5,1,3,4,1,3,4,1,1,2,1,4,3,-1,0.6,0.2,Con,Pro,Tie,Tie,1,0,0,1,0.0,0.0,-1.0,0.0,0.0,0.0
73203,3,5,2,3,4,1,3,5,2,1,1,0,4,4,0,1.0,0.25,Con,Con,Tie,Tie,2,0,0,2,-0.5,0.0,0.0,0.0,1.0,0.0
73323,3,4,1,3,4,1,3,4,1,1,2,1,4,4,0,0.8,0.25,Con,Pro,Pro,Pro,6,6,0,0,0.0,-1.0,0.0,0.0,-1.0,-0.3333333333333333
73369,4,5,1,2,5,3,2,5,3,1,1,0,3,4,1,1.6,0.4,Con,Con,Tie,Tie,7,0,0,7,0.0,0.0,0.0,0.0,0.42857142857142855,0.0
73372,4,4,0,3,4,1,4,4,0,1,2,1,3,4,1,0.6,0.2,Con,Con,Tie,Tie,10,0,0,10,0.0,0.0,0.0,0.0,0.0,0.0
73385,4,4,0,3,3,0,4,3,-1,1,2,1,4,4,0,0.0,0.05,Pro,Pro,Tie,Pro,5,2,1,2,0.0,-0.2,0.0,0.2,-0.6,0.4
73432,4,4,0,3,3,0,4,4,0,2,2,0,4,3,-1,-0.2,-0.05,Tie,Con,Con,Con,3,0,3,0,0.333333,1.0,0.3333333333333333,0.3333333333333333,1.0,0.0
73441,5,5,0,4,4,0,4,4,0,2,1,-1,5,5,0,-0.2,-0.1,Tie,Tie,Tie,Tie,10,1,1,8,-0.1,0.0,0.0,-0.1,-0.2,0.0
73712,4,5,1,3,4,1,4,5,1,1,2,1,3,3,0,0.8,0.25,Con,Tie,Tie,Tie,2,0,0,2,0.0,0.0,0.0,0.5,-0.5,0.5
73792,4,3,-1,4,4,0,4,2,-2,1,1,0,5,5,0,-0.6,-0.15,Pro,Con,Tie,Tie,7,1,1,5,0.0,0.0,0.14285714285714285,0.14285714285714285,0.14285714285714285,0.14285714285714285
73795,4,4,0,3,3,0,4,4,0,1,2,1,4,3,-1,0.0,0.05,Tie,Con,Tie,Con,7,0,2,5,0.0,0.2857142857142857,0.14285714285714285,0.14285714285714285,0.42857142857142855,0.2857142857142857
73828,3,2,-1,3,2,-1,3,2,-1,1,2,1,3,2,-1,-0.6,-0.1,Pro,Pro,Pro,Pro,4,4,0,0,-0.25,-1.0,-1.0,-1.0,-1.0,-0.75
73830,5,5,0,3,3,0,5,4,-1,1,1,0,3,3,0,-0.2,-0.05,Tie,Pro,Tie,Pro,5,2,1,2,0.0,-0.2,0.2,-0.2,-0.2,0.4
73929,4,5,1,3,5,2,4,5,1,1,2,1,4,5,1,1.2,0.35,Con,Con,Tie,Tie,4,1,1,2,0.0,0.0,0.5,0.25,0.25,0.25
74074,2,3,1,3,4,1,1,2,1,1,2,1,3,4,1,1.0,0.3,Con,Con,Tie,Con,2,0,1,1,0.0,0.5,1.0,1.0,1.0,1.0
74077,4,4,0,4,3,-1,4,3,-1,1,1,0,3,2,-1,-0.6,-0.15,Pro,Con,Tie,Tie,3,0,0,3,0.0,0.0,-0.3333333333333333,0.0,1.0,0.3333333333333333
74356,3,5,2,3,4,1,2,4,2,1,1,0,2,3,1,1.2,0.3,Con,Con,Tie,Tie,8,0,0,8,0.0,0.0,0.0,0.0,0.5,0.0
74367,5,5,0,4,4,0,4,4,0,2,2,0,4,5,1,0.2,0.05,Tie,Pro,Tie,Tie,18,0,0,18,0.0,0.0,0.0,0.0,-0.1111111111111111,0.0
74424,4,4,0,4,4,0,3,4,1,1,1,0,3,4,1,0.4,0.1,Con,Con,Tie,Tie,14,1,1,12,0.0,0.0,0.07142857142857142,0.07142857142857142,0.5714285714285714,0.07142857142857142
74430,3,4,1,3,4,1,2,4,2,1,1,0,3,3,0,0.8,0.2,Con,Con,Con,Con,2,0,2,0,0.0,1.0,0.5,0.5,1.0,0.5
74523,5,4,-1,3,3,0,4,4,0,1,2,1,3,4,1,0.2,0.1,Tie,Con,Tie,Con,10,1,2,7,-0.1,0.1,-0.1,-0.1,0.5,-0.3
74528,4,4,0,4,4,0,4,4,0,1,2,1,4,5,1,0.4,0.15,Con,Tie,Con,Con,3,1,2,0,0.333333,0.3333333333333333,0.3333333333333333,0.3333333333333333,0.0,0.0
75054,4,5,1,3,4,1,4,4,0,2,1,-1,4,4,0,0.2,0.0,Con,Con,Con,Con,3,1,2,0,0.0,0.3333333333333333,0.3333333333333333,0.6666666666666666,0.3333333333333333,0.3333333333333333
75056,4,5,1,4,5,1,4,5,1,1,1,0,3,3,0,0.6,0.15,Con,Con,Con,Con,1,0,1,0,0.0,1.0,1.0,1.0,1.0,1.0
75401,4,5,1,3,4,1,4,5,1,1,2,1,4,4,0,0.8,0.25,Con,Tie,Pro,Pro,6,3,2,1,-0.166667,-0.16666666666666666,0.0,0.0,0.0,-0.3333333333333333
76127,2,5,3,2,4,2,1,4,3,1,2,1,3,4,1,2.0,0.55,Con,Con,Tie,Con,2,0,1,1,0.0,0.5,1.0,0.0,1.0,0.0
76836,4,4,0,3,4,1,4,3,-1,1,1,0,3,4,1,0.2,0.05,Con,Pro,Tie,Tie,9,2,2,5,0.0,0.0,0.0,0.2222222222222222,-0.5555555555555556,-0.6666666666666666
76983,3,5,2,4,4,0,3,4,1,2,1,-1,5,4,-1,0.2,0.0,Con,Con,Tie,Con,2,0,1,1,0.0,0.5,1.0,0.0,1.0,0.0
76991,4,5,1,3,4,1,4,5,1,2,2,0,3,4,1,0.8,0.2,Con,Pro,Pro,Pro,33,16,13,4,0.121212,-0.09090909090909091,0.09090909090909091,0.0,0.0,0.09090909090909091
77285,4,5,1,4,4,0,4,4,0,1,2,1,3,3,0,0.4,0.15,Tie,Pro,Tie,Tie,4,0,0,4,0.0,0.0,0.0,0.0,-1.0,0.0
77647,4,3,-1,4,3,-1,4,3,-1,1,1,0,3,4,1,-0.4,-0.1,Pro,Con,Tie,Con,8,0,4,4,0.0,0.5,-0.25,0.5,0.625,0.375
